-- MySQL dump 10.13  Distrib 8.0.16, for Win64 (x86_64)
--
-- Host: localhost    Database: test
-- ------------------------------------------------------
-- Server version	8.0.16

/*!40101 SET @OLD_CHARACTER_SET_CLIENT=@@CHARACTER_SET_CLIENT */;
/*!40101 SET @OLD_CHARACTER_SET_RESULTS=@@CHARACTER_SET_RESULTS */;
/*!40101 SET @OLD_COLLATION_CONNECTION=@@COLLATION_CONNECTION */;
 SET NAMES utf8 ;
/*!40103 SET @OLD_TIME_ZONE=@@TIME_ZONE */;
/*!40103 SET TIME_ZONE='+00:00' */;
/*!40014 SET @OLD_UNIQUE_CHECKS=@@UNIQUE_CHECKS, UNIQUE_CHECKS=0 */;
/*!40014 SET @OLD_FOREIGN_KEY_CHECKS=@@FOREIGN_KEY_CHECKS, FOREIGN_KEY_CHECKS=0 */;
/*!40101 SET @OLD_SQL_MODE=@@SQL_MODE, SQL_MODE='NO_AUTO_VALUE_ON_ZERO' */;
/*!40111 SET @OLD_SQL_NOTES=@@SQL_NOTES, SQL_NOTES=0 */;

--
-- Dumping data for table `attendance`
--

LOCK TABLES `attendance` WRITE;
/*!40000 ALTER TABLE `attendance` DISABLE KEYS */;
INSERT INTO `attendance` VALUES (103,'2017317210102','100001','2021-03-26 20:00:00','已签到'),(104,'2017317210103','100001','2021-03-26 20:00:00','缺勤'),(105,'2017317210104','100001','2021-03-26 20:00:00','迟到'),(106,'2017317210105','100001','2021-03-26 20:00:00','缺勤'),(107,'2017317210106','100001','2021-03-26 20:00:00','缺勤'),(108,'2017317210107','100001','2021-03-26 20:00:00','缺勤'),(109,'2017317210108','100001','2021-03-26 20:00:00','缺勤'),(110,'2017317210109','100001','2021-03-26 20:00:00','缺勤'),(111,'2017317210110','100001','2021-03-26 20:00:00','缺勤'),(112,'2017317210130','100001','2021-03-26 20:00:00','迟到'),(113,'2017317210110','100002','2021-03-26 21:00:00','请假'),(114,'2017317210113','100002','2021-03-26 21:00:00','缺勤'),(115,'2017317210114','100002','2021-03-26 21:00:00','缺勤'),(116,'2017317210116','100002','2021-03-26 21:00:00','缺勤'),(117,'2017317210117','100002','2021-03-26 21:00:00','缺勤'),(118,'2017317210118','100002','2021-03-26 21:00:00','缺勤'),(119,'2017317210130','100002','2021-03-26 21:00:00','请假'),(120,'2017317210110','100002','2021-03-27 10:00:00','缺勤'),(121,'2017317210113','100002','2021-03-27 10:00:00','迟到'),(122,'2017317210114','100002','2021-03-27 10:00:00','缺勤'),(123,'2017317210116','100002','2021-03-27 10:00:00','缺勤'),(124,'2017317210117','100002','2021-03-27 10:00:00','缺勤'),(125,'2017317210118','100002','2021-03-27 10:00:00','缺勤'),(126,'2017317210130','100002','2021-03-27 10:00:00','已签到'),(127,'2017317210102','100001','2021-05-09 12:00:00','缺勤'),(128,'2017317210103','100001','2021-05-09 12:00:00','缺勤'),(129,'2017317210104','100001','2021-05-09 12:00:00','缺勤'),(130,'2017317210106','100001','2021-05-09 12:00:00','缺勤'),(131,'2017317210107','100001','2021-05-09 12:00:00','缺勤'),(132,'2017317210108','100001','2021-05-09 12:00:00','已签到'),(133,'2017317210109','100001','2021-05-09 12:00:00','缺勤'),(134,'2017317210110','100001','2021-05-09 12:00:00','缺勤'),(135,'2017317210130','100001','2021-05-09 12:00:00','缺勤'),(145,'2017317210102','100001','2021-05-13 16:00:00','缺勤'),(146,'2017317210103','100001','2021-05-13 16:00:00','缺勤'),(147,'2017317210104','100001','2021-05-13 16:00:00','缺勤'),(148,'2017317210106','100001','2021-05-13 16:00:00','缺勤'),(149,'2017317210107','100001','2021-05-13 16:00:00','缺勤'),(150,'2017317210108','100001','2021-05-13 16:00:00','缺勤'),(151,'2017317210109','100001','2021-05-13 16:00:00','缺勤'),(152,'2017317210110','100001','2021-05-13 16:00:00','缺勤'),(153,'2017317210130','100001','2021-05-13 16:00:00','已签到'),(181,'2017317210103','100001','2021-05-14 09:00:00','迟到'),(182,'2017317210104','100001','2021-05-14 09:00:00','迟到'),(183,'2017317210106','100001','2021-05-14 09:00:00','缺勤'),(184,'2017317210107','100001','2021-05-14 09:00:00','缺勤'),(185,'2017317210108','100001','2021-05-14 09:00:00','缺勤'),(186,'2017317210109','100001','2021-05-14 09:00:00','缺勤'),(187,'2017317210110','100001','2021-05-14 09:00:00','缺勤'),(188,'2017317210130','100001','2021-05-14 09:00:00','请假'),(189,'2017317210103','100001','2021-06-11 10:00:00','缺勤'),(190,'2017317210104','100001','2021-06-11 10:00:00','缺勤'),(191,'2017317210106','100001','2021-06-11 10:00:00','缺勤'),(192,'2017317210107','100001','2021-06-11 10:00:00','缺勤'),(193,'2017317210108','100001','2021-06-11 10:00:00','缺勤'),(194,'2017317210109','100001','2021-06-11 10:00:00','缺勤'),(195,'2017317210110','100001','2021-06-11 10:00:00','缺勤'),(196,'2017317210130','100001','2021-06-11 10:00:00','已签到'),(197,'2017317210103','100001','2021-06-12 14:00:00','缺勤'),(198,'2017317210104','100001','2021-06-12 14:00:00','缺勤'),(199,'2017317210106','100001','2021-06-12 14:00:00','缺勤'),(200,'2017317210107','100001','2021-06-12 14:00:00','缺勤'),(201,'2017317210108','100001','2021-06-12 14:00:00','缺勤'),(202,'2017317210109','100001','2021-06-12 14:00:00','缺勤'),(203,'2017317210110','100001','2021-06-12 14:00:00','缺勤'),(204,'2017317210130','100001','2021-06-12 14:00:00','迟到'),(205,'2017317210103','100001','2021-06-12 20:00:00','迟到'),(206,'2017317210104','100001','2021-06-12 20:00:00','缺勤'),(207,'2017317210106','100001','2021-06-12 20:00:00','缺勤'),(208,'2017317210107','100001','2021-06-12 20:00:00','缺勤'),(209,'2017317210108','100001','2021-06-12 20:00:00','缺勤'),(210,'2017317210109','100001','2021-06-12 20:00:00','缺勤'),(211,'2017317210110','100001','2021-06-12 20:00:00','缺勤'),(212,'2017317210130','100001','2021-06-12 20:00:00','已签到'),(213,'2017317210110','100002','2021-06-12 20:00:00','缺勤'),(214,'2017317210113','100002','2021-06-12 20:00:00','缺勤'),(215,'2017317210114','100002','2021-06-12 20:00:00','缺勤'),(216,'2017317210116','100002','2021-06-12 20:00:00','缺勤'),(217,'2017317210117','100002','2021-06-12 20:00:00','缺勤'),(218,'2017317210118','100002','2021-06-12 20:00:00','缺勤'),(219,'2017317210130','100002','2021-06-12 20:00:00','已签到'),(220,'2017317210110','100002','2021-06-12 20:00:00','缺勤'),(221,'2017317210113','100002','2021-06-12 20:00:00','缺勤'),(222,'2017317210114','100002','2021-06-12 20:00:00','缺勤'),(223,'2017317210116','100002','2021-06-12 20:00:00','缺勤'),(224,'2017317210117','100002','2021-06-12 20:00:00','缺勤'),(225,'2017317210118','100002','2021-06-12 20:00:00','缺勤'),(226,'2017317210130','100002','2021-06-12 20:00:00','已签到'),(227,'2017317210103','100001','2021-06-13 08:00:00','缺勤'),(228,'2017317210104','100001','2021-06-13 08:00:00','缺勤'),(229,'2017317210106','100001','2021-06-13 08:00:00','缺勤'),(230,'2017317210107','100001','2021-06-13 08:00:00','缺勤'),(231,'2017317210108','100001','2021-06-13 08:00:00','缺勤'),(232,'2017317210109','100001','2021-06-13 08:00:00','缺勤'),(233,'2017317210110','100001','2021-06-13 08:00:00','缺勤'),(234,'2017317210130','100001','2021-06-13 08:00:00','已签到'),(235,'2017317210130','100004','2021-06-13 08:00:00','已签到'),(236,'2017317210140','100004','2021-06-13 08:00:00','缺勤'),(237,'2017317210130','100004','2021-06-13 08:00:00','已签到'),(238,'2017317210140','100004','2021-06-13 08:00:00','缺勤'),(239,'2017317210103','100001','2021-06-13 10:00:00','缺勤'),(240,'2017317210104','100001','2021-06-13 10:00:00','缺勤'),(241,'2017317210106','100001','2021-06-13 10:00:00','缺勤'),(242,'2017317210107','100001','2021-06-13 10:00:00','缺勤'),(243,'2017317210108','100001','2021-06-13 10:00:00','缺勤'),(244,'2017317210109','100001','2021-06-13 10:00:00','缺勤'),(245,'2017317210110','100001','2021-06-13 10:00:00','缺勤'),(246,'2017317210130','100001','2021-06-13 10:00:00','已签到');
/*!40000 ALTER TABLE `attendance` ENABLE KEYS */;
UNLOCK TABLES;

--
-- Dumping data for table `courses`
--

LOCK TABLES `courses` WRITE;
/*!40000 ALTER TABLE `courses` DISABLE KEYS */;
INSERT INTO `courses` VALUES ('100001','17210001','微积分','0000-00-00 00:00:00/2021-03-26 20:00:00/2021-05-09 12:00:00/2021-05-13 16:00:00/2021-05-14 09:00:00/2021-06-11 10:00:00/2021-06-12 14:00:00/2021-06-12 20:00:00/2021-06-13 08:00:00/2021-06-13 10:00:00','可选课'),('100002','17210001','Java设计','0000-00-00 00:00:00/2021-03-26 21:00:00/2021-03-27 10:00:00/2021-06-12 20:00:00/2021-06-12 20:00:00','不可选课'),('100003','17210001','线性代数','0000-00-00 00:00:00','可选课'),('100004','17210002','微积分','0000-00-00 00:00:00/2021-06-13 08:00:00/2021-06-13 08:00:00','不可选课'),('100005','17210001','操作系统','0000-00-00 00:00:00','可选课'),('100006','17210001','线性代数','0000-00-00 00:00:00','不可选课'),('100007','17210001','计算机网络','0000-00-00 00:00:00','可选课'),('100008','17210002','编译原理','0000-00-00 00:00:00/2021-06-13 08:00:00/2021-06-13 08:00:00','可选课'),('100009','17210001','数据挖掘','0000-00-00 00:00','不可选课'),('100010','17210001','ceshi','0000-00-00 00:00','不可选课');
/*!40000 ALTER TABLE `courses` ENABLE KEYS */;
UNLOCK TABLES;

--
-- Dumping data for table `student_course`
--

LOCK TABLES `student_course` WRITE;
/*!40000 ALTER TABLE `student_course` DISABLE KEYS */;
INSERT INTO `student_course` VALUES ('2017317210103','100001'),('2017317210104','100001'),('2017317210106','100001'),('2017317210107','100001'),('2017317210108','100001'),('2017317210109','100001'),('2017317210110','100001'),('2017317210130','100001'),('2017317210101','100002'),('2017317210110','100002'),('2017317210113','100002'),('2017317210114','100002'),('2017317210116','100002'),('2017317210117','100002'),('2017317210118','100002'),('2017317210130','100002'),('2017317210144','100003'),('2017317210145','100003'),('2017317210146','100003'),('2017317210147','100003'),('2017317210148','100003'),('2017317210149','100003'),('2017317210130','100004'),('2017317210140','100004'),('2017317210101','100005'),('2017317210130','100005'),('2017317210140','100005'),('2017317210143','100005'),('2017317210144','100005'),('2017317210145','100005'),('2017317210146','100005'),('2017317210147','100005'),('2017317210148','100005'),('2017317210149','100005'),('2017317210101','100006'),('2017317210130','100008');
/*!40000 ALTER TABLE `student_course` ENABLE KEYS */;
UNLOCK TABLES;

--
-- Dumping data for table `student_faces`
--

LOCK TABLES `student_faces` WRITE;
/*!40000 ALTER TABLE `student_faces` DISABLE KEYS */;
INSERT INTO `student_faces` VALUES ('2017317210101','-0.11175781041383744,0.03256626855581999,0.05443460941314697,-0.10044764429330826,-0.0755120150744915,-0.04613278955221176,-0.023457239754498004,-0.12114950865507126,0.14115837812423707,-0.11851193904876708,0.2609555274248123,-0.1363527625799179,-0.2342802405357361,-0.0578070804476738,-0.0978173017501831,0.2416672796010971,-0.21336109042167664,-0.10624468773603439,-0.0665553130209446,-0.009610291197896003,0.009428468346595765,0.04419381469488144,0.006977390637621284,0.08834460824728012,-0.0875320553779602,-0.3862216055393219,-0.0931477352976799,-0.08954179137945176,-0.06053532958030701,-0.006257085269317031,0.006951621174812317,0.07905671000480652,-0.14770569056272506,-0.043197126314044,0.07210096046328544,0.08541763424873353,-0.01152997612953186,-0.10849682092666627,0.20627474188804626,-0.017012599855661392,-0.23001290261745452,-0.029528119135648012,0.12410180568695069,0.25140311419963834,0.15018652379512787,0.0467345179989934,-0.01844487600028515,-0.15083052814006806,0.13477507084608079,-0.20032383501529694,-0.05577046759426594,0.09948473423719406,-0.007557176053524017,0.034352352097630504,0.024938117526471616,-0.06730311661958695,0.06286135017871856,0.13410426080226898,-0.16267468631267548,-0.05308717116713524,0.05866214446723461,-0.15695410072803498,-0.026209454424679278,-0.13288579434156417,0.24505601823329926,0.05919666513800621,-0.1364235758781433,-0.10815879255533219,0.1774127572774887,-0.1510150045156479,-0.07759940922260285,0.02446011397987604,-0.10444055050611496,-0.15682972371578216,-0.3185968935489655,-0.04515662416815758,0.4125349402427673,0.11717721223831176,-0.16049963235855103,0.05107360556721687,-0.010285977809689938,-0.0118984654545784,0.151508229970932,0.20779934227466584,0.020462146028876305,-0.005929174646735191,-0.07099623009562492,-0.012480872869491576,0.2222166419029236,-0.05020952969789505,0.027376826852560043,0.216212460398674,-0.029452203400433065,0.07014173716306686,0.031753220781683925,0.013770589604973793,-0.10620734840631485,0.03476397879421711,-0.13432834446430206,0.038467670790851116,0.04056241987273097,0.03634799420833588,0.040423357114195826,0.10236909091472626,-0.13482095599174498,0.09700027853250504,-0.004920060792937875,-0.0184763353317976,0.07002021074295044,-0.020006096456199884,-0.011849342472851276,-0.07724343538284302,0.1278587117791176,-0.2030162990093231,0.1220665380358696,0.128910693526268,0.02697089482098818,0.14270331859588622,0.08438005149364472,0.0958646446466446,-0.06771399974822997,-0.030151470750570297,-0.25476765632629395,-0.039164763689041135,0.10032582134008408,-0.04021531008183956,0.11589865386486053,-0.0341767568141222'),('2017317210102','-0.06537986695766448,0.10261867493391037,0.01978549286723137,-0.003824620367959142,-0.06586140841245651,-0.05711006224155426,-0.054567960649728776,-0.1419050797820091,0.10429295599460602,-0.06964587196707725,0.26994757950305937,-0.054010726138949396,-0.18253069519996643,-0.13314090818166732,-0.04064927026629448,0.19179754257202147,-0.20804700553417205,-0.1485765293240547,-0.05720461830496788,0.011717017088085414,0.07497889176011086,0.002246894687414169,0.06140130013227463,-0.007504249736666679,-0.058145219832658766,-0.36432591676712034,-0.10464733392000199,-0.08803363740444184,0.07986176759004593,-0.01503024399280548,-0.026001787558197976,0.005057559593115002,-0.20080307722091675,-0.06769557073712348,0.054867598414421084,0.04128631204366684,-0.047863980382680894,-0.060526420921087266,0.2120744228363037,0.0014575697481632234,-0.19260701835155486,0.016647031530737877,0.06727399304509163,0.21350131332874298,0.20924580693244935,0.06255675703287125,0.07345369905233383,-0.16619493961334228,0.10742670446634292,-0.09083177149295807,0.003966333344578743,0.16402391195297242,0.14544255435466766,0.06345613971352577,0.011318039149045944,-0.0946863517165184,0.005419137328863144,0.10134374350309372,-0.11316596269607544,0.003999441117048264,0.11350778192281723,-0.014470477402210236,-0.010797260142862797,-0.11684423312544823,0.24211467206478118,-0.02605571560561657,-0.12480619996786117,-0.16526335775852202,0.1376740574836731,-0.13308584243059157,-0.08961986005306244,0.04411640912294388,-0.1558350831270218,-0.16653013229370117,-0.29769703149795534,-0.019934993982315064,0.37575740218162534,0.06032823100686073,-0.14305801093578338,0.05938243567943573,-0.0526424489915371,-0.033187175169587135,0.057932053506374356,0.14237026274204254,-0.03396211750805378,0.02911857794970274,-0.08970312923192977,-0.04526544101536274,0.22666729390621185,-0.09084459841251373,0.0017727948725223541,0.17238507568836212,-0.04686055555939674,0.08155764117836953,0.008994850143790246,-0.014338387362658977,-0.06167448908090591,0.05702550783753395,-0.08103813305497169,-0.0061288194730877875,-0.05352446399629116,-0.07229355126619338,0.014221689477562905,0.06628313213586808,-0.0918701484799385,0.07901339381933212,-0.019286373676732183,0.0826668918132782,0.008507547713816167,0.016437196359038352,-0.10694863647222519,-0.10851864963769912,0.11252389699220658,-0.20701412558555604,0.200041463971138,0.17213347256183625,0.04419025965034962,0.08553977832198142,0.13267216384410857,0.16010830998420716,-0.05148118287324906,0.03946431875228882,-0.20902917981147767,-0.029505396354943515,0.047883220855146645,-0.0178449634462595,0.08182383477687835,0.005254648718982935'),('2017317210103','-0.1207983821630478,0.10027072876691819,0.03308166516944766,-0.04418608322739601,-0.06430934257805347,-0.08240729123353958,-0.08966494202613831,-0.20339032709598542,0.13452714830636978,-0.056122826784849165,0.2128872275352478,-0.017300816997885705,-0.13913801014423371,-0.1661777228116989,-0.016750723496079443,0.16496330499649048,-0.15947495698928832,-0.19115771651268004,-0.02736722193658352,-0.025029329396784306,0.08878046870231629,-0.0406516432762146,0.03512939373031258,0.04900565203279257,-0.11930466890335083,-0.3269799292087555,-0.09903768748044968,-0.09029206335544586,0.0496848464012146,-0.0015250084921717643,-0.023278306983411313,-0.010044474573805928,-0.24120287597179413,-0.09407853782176971,0.046898096799850464,0.10412880927324294,-0.005213435739278793,-0.11032160222530366,0.20307896733283998,-0.03327118493616581,-0.1851072996854782,-0.0009338363073766231,0.06659590005874634,0.2297390043735504,0.1703001618385315,0.01824967246502638,0.09875440299510956,-0.11187960803508759,0.15206674635410308,-0.0656321570277214,0.050379515439271924,0.11942208856344223,0.0987071931362152,0.027068361826241016,0.0401461124420166,-0.13692131042480468,0.02596896942704916,0.12291905283927917,-0.1927972823381424,0.03470585606992245,0.10076480060815811,-0.047661634534597395,-0.09941052794456481,-0.1500657632946968,0.2210188925266266,0.10279437601566314,-0.08450537025928498,-0.24225154221057893,0.15734144747257234,-0.12344151884317398,-0.09405131191015244,0.03647727146744728,-0.17822986841201782,-0.14726160764694213,-0.3322769463062286,-0.00024869032204151155,0.33410623073577883,0.11159968674182892,-0.2034096509218216,0.052820635586977006,0.013123912177979946,0.010489759035408497,0.0804075300693512,0.12797333300113678,-0.00549202524125576,0.11566906571388244,-0.0950060561299324,-0.018151503801345826,0.2104792535305023,-0.0038312016054987907,-0.05572423785924911,0.1676373451948166,-0.02887053433805704,0.013571457378566265,0.021458609867841004,-0.004550180584192276,-0.09619934558868408,0.050015144236385825,-0.15442408323287965,-0.03963271602988243,0.048170942813158035,0.016995966248214246,0.04160463623702526,0.1047063186764717,-0.09926808178424835,0.09112153351306915,-0.02685190550982952,0.06070978753268719,-0.0627219021320343,-0.01289843525737524,-0.13369049429893493,-0.0680412583053112,0.10764184594154358,-0.17069895565509796,0.20986019670963288,0.1425395354628563,0.08206500113010406,0.09336112439632416,0.11843987554311752,0.08638002052903175,-0.007684512808918953,0.0465548075735569,-0.19543522894382476,-0.04722535014152527,0.06017760410904884,-0.029058485478162765,0.14903744161128998,0.041324868053197863'),('2017317210104','-0.07869522795081138,0.06736802533268929,0.03994550993666053,-0.03820103444159031,-0.04367638453841209,-0.10385720431804657,-0.03220612797886133,-0.16754722893238067,0.12705282121896744,-0.08008230999112129,0.3248114943504333,-0.0537883885204792,-0.17996658980846406,-0.144497811794281,-0.014330928772687912,0.15121096074581147,-0.2141290694475174,-0.10188428163528443,-0.020201402716338634,0.02940978854894638,0.11370394080877304,-0.026424916740506888,0.08790556937456132,0.03934692218899727,-0.11373720914125443,-0.34490242004394533,-0.14439882338047028,-0.11962842643260956,0.027694025449454783,-0.047194100171327594,-0.017679995484650136,0.021735721407458185,-0.20422759354114534,-0.08094207644462585,-0.001553226076066494,-0.0001618117094039917,-0.020666200411506,-0.07704626321792603,0.21476267278194427,-0.029060803540050983,-0.20447049140930176,0.014726379606872796,0.016421813517808914,0.22431542873382568,0.17962507009506226,0.04423705786466599,0.0830480232834816,-0.13142325580120087,0.11123549342155456,-0.12856750637292863,0.03556222319602966,0.10976233482360839,0.10846028625965118,0.021544431895017625,-0.036209885776042935,-0.10402005910873413,0.043258174508810046,0.07871941775083542,-0.16082369685173034,0.009204844199120998,0.12786675244569778,-0.07582488879561425,-0.03342835418879986,-0.03457076302729547,0.21176127195358277,0.039120632223784924,-0.12008253633975982,-0.1641794264316559,0.08021039515733719,-0.1466213196516037,-0.06056772023439407,0.08069156259298324,-0.1965823620557785,-0.18815848529338836,-0.34608944058418273,-0.009455610811710358,0.37604534029960635,0.03487552050501108,-0.1631460279226303,0.03436023853719235,-0.07135292813181877,0.034935370460152625,0.10763067454099655,0.1586565777659416,-0.011578325368463992,0.04320104755461216,-0.14619546979665757,0.013739349506795406,0.19519633650779725,-0.10503995567560195,-0.04386742115020752,0.22701248228549958,-0.013805761374533177,0.06925366893410682,0.02300362065434456,0.04685063585639,-0.03574957493692636,0.04300704933702946,-0.039709421992301944,0.06199770234525204,0.04322763606905937,0.0025094629265367983,-0.021877870056778194,0.0999378964304924,-0.1321071654558182,0.11396349221467972,-0.03825434669852257,0.0513300359249115,0.012354651931673288,-0.06252452731132507,-0.0694597415626049,-0.11191733181476593,0.06826886013150216,-0.21895782351493837,0.13386283665895463,0.17892425656318664,0.035293881222605704,0.1090172365307808,0.04956680461764336,0.09686253517866135,-0.0673541396856308,0.0305972408503294,-0.23553377091884614,0.004316181037575006,0.08010220378637314,0.005831786897033453,0.09618324488401413,-0.029245190136134625'),('2017317210105','-0.10991526544094085,0.11966499090194702,-0.0024022269994020463,-0.016304385988041757,-0.011079091066494583,-0.052576958388090136,-0.01040270198136568,-0.16014586091041566,0.15439409911632537,-0.014176038186997175,0.27606714963912965,-0.0525243267416954,-0.19872575402259826,-0.16852063238620757,-0.02071815151721239,0.17268140614032745,-0.20599641799926757,-0.12749649584293365,-0.06235890835523605,-0.014305074512958527,0.10386860072612762,-0.014874868793413043,0.09204325526952743,0.038334883749485016,-0.12467374354600906,-0.368543815612793,-0.09209697246551514,-0.07468631193041801,0.039649009704589844,-0.03158753886818886,-0.021980492025613786,0.03608843199908733,-0.24283945560455322,-0.10908780097961426,0.03595595732331276,0.07383842766284943,-0.06297300457954406,-0.07015641331672669,0.21857509911060333,-0.04466514438390732,-0.1738344192504883,0.025134771689772607,0.06446002423763275,0.23985692262649536,0.185760235786438,0.0205307655967772,0.032456067763268946,-0.13883252590894699,0.09960876554250717,-0.10901676267385482,0.0032333791255950927,0.17270777523517608,0.053174713253974916,0.0990894764661789,-0.02971423026174307,-0.04749451875686646,0.03445991575717926,0.12220415771007538,-0.154908487200737,-0.015897912066429855,0.08709809482097626,-0.08838542252779007,-0.06244866997003555,-0.08556457236409187,0.1479947715997696,0.05261848345398903,-0.08141914531588554,-0.20806134939193727,0.06659356355667115,-0.135000604391098,-0.08040461838245391,0.06996773481369019,-0.15879461765289307,-0.20689949691295623,-0.31066099405288694,0.01571795791387558,0.34499314427375793,0.08210358768701553,-0.17632542550563812,0.04785768017172813,-0.00465005524456501,-0.013738787360489368,0.13692224621772767,0.13412156254053115,-0.008616550639271737,0.0560738630592823,-0.12540168464183807,0.03825945444405079,0.20200770795345308,-0.06187697649002075,-0.054171276092529294,0.2201719731092453,-0.0043574851006269455,0.08012566342949867,0.04675304014235735,0.055424082279205325,-0.04995062835514545,0.0836249679327011,-0.14533348977565766,-0.003253219835460186,0.08317172676324844,0.020783546939492227,0.016896015033125877,0.06586808264255524,-0.06536474004387856,0.12285030633211136,0.016810370329767465,0.0792586624622345,0.0250382992438972,-0.04382415153086185,-0.08015906661748887,-0.0950117602944374,0.08440525382757187,-0.1835483193397522,0.2088197022676468,0.16888100802898406,0.021764664351940154,0.09593230187892914,0.09694052040576935,0.10261716693639755,-0.038693785667419434,0.034154394268989564,-0.20051292181015015,-0.006179236434400081,0.09885135740041733,0.03428346142172813,0.11420368403196335,-0.034971635416150094'),('2017317210106','-0.12548870742321014,0.10599560439586639,0.04618033915758133,-0.07301203608512878,-0.10986495167016982,-0.08262728974223137,-0.028700004518032073,-0.12679567635059358,0.12209560871124267,-0.0945873960852623,0.2760472267866135,-0.08150810599327088,-0.25154764354228976,-0.11818173974752426,-0.06839361116290092,0.19650209844112396,-0.20252783000469207,-0.11190219223499298,-0.05197950005531311,0.02471777480095625,0.0815752997994423,-0.03100024312734604,0.09841460660099983,0.027878778427839278,-0.09990916997194291,-0.39802044034004214,-0.05542980805039406,-0.08444536328315735,-0.0656722292304039,-0.02003620136529207,-0.025279023312032224,0.05729727670550346,-0.2098274677991867,-0.07720003426074981,0.018304783292114733,0.044828977435827255,-0.027037888020277023,-0.051632189005613324,0.21166948676109315,-0.00228258166462183,-0.23745811581611634,-0.019759040046483278,0.06340963318943978,0.2409554362297058,0.14709888994693757,0.04100299533456564,0.03885020799934864,-0.14297704696655272,0.14363038539886475,-0.18240433633327485,-0.013154983147978782,0.13560988306999205,0.04829525724053383,0.022004656493663788,-0.014270557835698128,-0.08584881275892257,0.06048753187060356,0.1111248716711998,-0.13365226984024048,-0.03963203020393848,0.10880744606256484,-0.06259120777249336,-0.07275226861238479,-0.1273053392767906,0.27531282901763915,0.07145611792802811,-0.14762860238552095,-0.13438340425491332,0.08225681930780411,-0.10691417902708053,-0.07072157263755799,0.05462747663259506,-0.17817710638046264,-0.16722008287906648,-0.3146270751953125,-0.024728802591562273,0.3392309367656708,0.06625975295901299,-0.16275177001953126,-0.02499655531719327,-0.09375257343053818,0.040271103382110596,0.10744264721870422,0.1623861849308014,-0.021373798325657844,0.0596156120300293,-0.09290346950292587,-0.017911675758659838,0.2013988107442856,-0.10057712644338608,-0.04021088927984238,0.24497518241405486,0.01714751999825239,0.09687257707118987,-0.0007147080264985562,-0.0071765419095754625,-0.08265370726585389,0.030506300181150435,-0.13414229154586793,0.037849555164575575,0.03368366435170174,-0.028942592442035675,-0.01827274728566408,0.09027312844991683,-0.15536862909793853,0.04943257644772529,-0.025208635628223418,0.05888769328594208,0.04627257138490677,-0.036749861761927606,-0.07370881140232086,-0.13754237592220306,0.054712841659784316,-0.19704560339450836,0.17276302874088287,0.19581802785396576,0.06051933392882347,0.09235643744468688,0.1205481842160225,0.04930528476834297,-0.04638290777802467,0.03563141245394945,-0.1921149492263794,-0.010872053913772106,0.1347710147500038,-0.014867272693663836,0.07715276256203651,-0.057359307259321216'),('2017317210107','-0.07869522795081138,0.06736802533268929,0.03994550993666053,-0.03820103444159031,-0.04367638453841209,-0.10385720431804657,-0.03220612797886133,-0.16754722893238067,0.12705282121896744,-0.08008230999112129,0.3248114943504333,-0.0537883885204792,-0.17996658980846406,-0.144497811794281,-0.014330928772687912,0.15121096074581147,-0.2141290694475174,-0.10188428163528443,-0.020201402716338634,0.02940978854894638,0.11370394080877304,-0.026424916740506888,0.08790556937456132,0.03934692218899727,-0.11373720914125443,-0.34490242004394533,-0.14439882338047028,-0.11962842643260956,0.027694025449454783,-0.047194100171327594,-0.017679995484650136,0.021735721407458185,-0.20422759354114534,-0.08094207644462585,-0.001553226076066494,-0.0001618117094039917,-0.020666200411506,-0.07704626321792603,0.21476267278194427,-0.029060803540050983,-0.20447049140930176,0.014726379606872796,0.016421813517808914,0.22431542873382568,0.17962507009506226,0.04423705786466599,0.0830480232834816,-0.13142325580120087,0.11123549342155456,-0.12856750637292863,0.03556222319602966,0.10976233482360839,0.10846028625965118,0.021544431895017625,-0.036209885776042935,-0.10402005910873413,0.043258174508810046,0.07871941775083542,-0.16082369685173034,0.009204844199120998,0.12786675244569778,-0.07582488879561425,-0.03342835418879986,-0.03457076302729547,0.21176127195358277,0.039120632223784924,-0.12008253633975982,-0.1641794264316559,0.08021039515733719,-0.1466213196516037,-0.06056772023439407,0.08069156259298324,-0.1965823620557785,-0.18815848529338836,-0.34608944058418273,-0.009455610811710358,0.37604534029960635,0.03487552050501108,-0.1631460279226303,0.03436023853719235,-0.07135292813181877,0.034935370460152625,0.10763067454099655,0.1586565777659416,-0.011578325368463992,0.04320104755461216,-0.14619546979665757,0.013739349506795406,0.19519633650779725,-0.10503995567560195,-0.04386742115020752,0.22701248228549958,-0.013805761374533177,0.06925366893410682,0.02300362065434456,0.04685063585639,-0.03574957493692636,0.04300704933702946,-0.039709421992301944,0.06199770234525204,0.04322763606905937,0.0025094629265367983,-0.021877870056778194,0.0999378964304924,-0.1321071654558182,0.11396349221467972,-0.03825434669852257,0.0513300359249115,0.012354651931673288,-0.06252452731132507,-0.0694597415626049,-0.11191733181476593,0.06826886013150216,-0.21895782351493837,0.13386283665895463,0.17892425656318664,0.035293881222605704,0.1090172365307808,0.04956680461764336,0.09686253517866135,-0.0673541396856308,0.0305972408503294,-0.23553377091884614,0.004316181037575006,0.08010220378637314,0.005831786897033453,0.09618324488401413,-0.029245190136134625'),('2017317210108','-0.07765441983938218,0.08947744965553284,0.052068228274583815,-0.08857811987400055,-0.10933044999837875,-0.06545584946870804,-0.08605494722723961,-0.14780944287776948,0.08613915145397186,-0.0977451667189598,0.20576391220092774,-0.0844018816947937,-0.16819566786289214,-0.09230916649103164,-0.06366426944732666,0.22474896907806396,-0.1700457215309143,-0.1396297425031662,-0.05284009538590908,0.02360085230320692,0.051331236213445666,0.03188324896618724,0.004457652568817139,0.056081225723028184,-0.08404108881950378,-0.35354103446006774,-0.09869871586561203,-0.05824260488152504,0.008094445057213306,-0.007616155804134906,-0.10022939145565032,0.0328050403855741,-0.19343221485614776,-0.10360765159130096,0.10803210735321045,0.10875864177942277,0.0036942020524293184,-0.1157596692442894,0.13358796238899232,-0.006846465822309256,-0.2516698181629181,0.060022938251495364,0.09727388322353363,0.2340536892414093,0.1972820997238159,0.0030550939962267877,0.0714557021856308,-0.14565228223800658,0.16197534203529357,-0.1530946433544159,-0.0034708213061094284,0.10302208364009857,0.10862504541873932,0.05470674186944961,-0.018711669929325582,-0.11001636534929275,0.06295079663395882,0.1375478982925415,-0.15657722055912018,0.004724673135206104,0.13789255768060685,-0.10145551264286042,-0.03349566077813506,-0.10343851894140244,0.18787506222724915,0.06095111146569252,-0.1368856519460678,-0.21549515724182128,0.08556861132383346,-0.15437749028205872,-0.06620069742202758,-0.00017990153282880782,-0.14577305912971497,-0.14827124774456024,-0.32543718814849854,-0.017315558344125747,0.33493685722351074,0.14146939516067505,-0.2113630175590515,0.07463018447160721,-0.052725817263126376,0.07348180413246155,0.09467878788709641,0.16873413622379302,0.014196725375950337,0.07785920053720474,-0.0847424790263176,-0.02913489118218422,0.22909819781780244,-0.07751151397824288,0.012346985284239054,0.22338795959949492,-0.027628258056938648,0.06814594864845276,0.034502246975898744,0.052325911819934845,-0.11996211111545563,0.023843586444854736,-0.08210246935486794,0.02154538091272116,0.02282153256237507,-0.04704863429069519,0.04130045212805271,0.12247323542833329,-0.1766587018966675,0.14306062757968901,-0.07606112658977508,0.08804124146699906,0.043364528194069864,-0.017609591782093047,-0.030313752591609955,-0.08669099807739258,0.0984796166419983,-0.18391435742378234,0.16499688625335693,0.19294369220733643,0.029603635519742967,0.11573257148265839,0.14360905289649964,0.09092465192079544,-0.02237679120153189,0.013880274631083012,-0.1888583391904831,-0.06302648708224297,0.07619853615760804,-0.039195907115936277,0.09456032365560532,-0.004813704546540976'),('2017317210109','-0.07045173346996307,0.12668183743953704,0.01134442277252674,-0.0628729023039341,-0.06308474913239479,-0.012936602067202329,-0.058357763290405276,-0.15774279534816743,0.18865458965301513,-0.1037873849272728,0.2373862683773041,-0.027546761184930803,-0.2186163067817688,-0.11884608417749405,-0.05299160704016685,0.16002726852893828,-0.19143218100070952,-0.17078604996204377,-0.04097313173115254,0.0395536907017231,0.08432091623544694,-0.027645353856496514,-0.013410919310990721,0.028858669102191925,-0.07268727272748947,-0.3076298952102661,-0.08908693864941597,-0.07492865473031998,0.031331763789057734,-0.012112115882337094,-0.00838525127619505,-0.012151107378304004,-0.20072593688964843,-0.08803144842386246,0.02759002447128296,0.056169213354587556,-0.06791693642735482,-0.052941294759511946,0.2270282119512558,-0.07440127581357955,-0.2834040403366089,0.015949881449341775,0.06827414780855179,0.2090420037508011,0.18489189445972443,0.06297620944678783,0.027203986048698427,-0.16396112143993377,0.12418252825737,-0.14568523764610292,0.049137506633996964,0.2009857714176178,0.10135223120450973,0.07710870653390885,-0.009019413217902183,-0.1471003085374832,0.044796252809464934,0.10921355187892914,-0.13820528686046601,-0.017504003271460532,0.15143852233886718,-0.08658559918403626,0.0008722476661205292,-0.05834047123789787,0.21590678989887238,0.030045773833990097,-0.1206650048494339,-0.21165088713169097,0.11902556270360946,-0.16616250872611998,-0.09138920456171036,0.10214251577854157,-0.14415360540151595,-0.18120193481445312,-0.3333621084690094,-0.003967620804905892,0.43636237978935244,0.1340348020195961,-0.1368534654378891,0.05739499479532242,-0.06735428050160408,0.002401022333651781,0.1317683845758438,0.15312139689922333,-0.01293083168566227,0.017958376742899417,-0.10574134290218354,-0.02971770092844963,0.21773146688938141,-0.03810242414474487,-0.051085877045989034,0.16589981615543364,0.008483582921326161,0.05759005323052406,-0.0011001629754900932,0.04812484085559845,-0.05637317225337028,0.04734583850950003,-0.11052578687667847,-0.004384719952940941,0.02646995969116688,0.029800132289528845,0.03231743313372135,0.1335450828075409,-0.11404992491006852,0.1487965017557144,-0.003336116950958967,0.08535631969571114,0.020544090680778025,0.011573852133005857,-0.057333503291010855,-0.07723814100027085,0.11344379037618638,-0.2061527669429779,0.2052695631980896,0.11445331126451493,0.05883219428360462,0.09379973411560058,0.14629497975111008,0.12063167989253998,-0.03771341517567635,-0.02691493071615696,-0.2501459538936615,-0.05557764172554016,0.05929124355316162,-0.002697526291012764,0.190697380900383,0.010880830045789481'),('2017317210110','-0.06064798682928085,0.077503702044487,0.05523485280573368,-0.0764775238931179,-0.12706217914819717,-0.031182547472417353,-0.054498932883143426,-0.12448919266462326,0.12503068149089813,-0.08062423169612884,0.20067943632602692,-0.055318071693181994,-0.19073780477046967,-0.06589784007519484,-0.0724977731704712,0.22885293364524842,-0.1700693577528,-0.16865021884441375,-0.09762327671051026,-0.00024851355701684954,0.0191239473875612,0.0011956781148910523,0.04760527200996876,0.03545689024031162,-0.10752692967653274,-0.32007443308830263,-0.08208119869232178,-0.05603374466300011,0.02170886881649494,-0.04965973906219005,-0.03861464112997055,0.06075348928570747,-0.1879732757806778,-0.03240445777773857,0.04178811088204384,0.09206100106239319,-0.060250095278024676,-0.1139531522989273,0.2028796851634979,-0.00010257698595523834,-0.26058478355407716,0.025909323990345002,0.10421095490455627,0.2021349310874939,0.23602855503559111,-0.01118775133509189,0.05420562848448753,-0.14121856689453124,0.11530577391386032,-0.16598210334777833,-0.016932034119963645,0.13718725740909576,0.0892939805984497,0.07803408801555634,0.00607838649302721,-0.12086632400751114,0.022265622206032277,0.1600355863571167,-0.07646728232502938,-0.018696022033691407,0.0836788684129715,-0.060185255110263826,-0.041961539164185525,-0.12453770786523818,0.2220652997493744,0.04877063035964966,-0.12602803558111192,-0.15129915177822112,0.1569327473640442,-0.1052854135632515,-0.07366778338328003,0.051305720768868926,-0.15771773904561998,-0.14432457685470582,-0.26216594874858856,-0.022420141100883483,0.3769237160682678,0.07807165309786797,-0.16686403453350068,0.039359592273831366,-0.04907958582043648,0.021322851814329625,0.034900448843836786,0.13679959401488304,-0.05148650277405977,0.015026601031422615,-0.07428437173366546,0.0006019806489348412,0.23242343962192535,-0.08380897045135498,0.045097284391522406,0.18672309219837188,0.0032511286437511442,0.071103797852993,-0.0013972640968859195,0.013996755331754684,-0.07248388528823853,0.06951996982097626,-0.12208524346351624,0.005363873112946749,0.016116893105208873,-0.05266149453818798,0.035321998223662374,0.09906934201717377,-0.12322918176651002,0.10177980884909629,0.007279156520962715,0.06176535347476601,0.05278968159109354,0.028841239959001543,-0.05465490221977234,-0.09255178673192858,0.1375130757689476,-0.18057720363140106,0.17439991533756255,0.18340349495410918,0.020797774940729142,0.07047969624400138,0.15076586455106736,0.15001632869243622,-0.03380548618733883,0.017703357338905334,-0.195390784740448,0.005871273577213287,0.08935578763484955,-0.04584107249975204,0.05580742247402668,0.025447615794837473'),('2017317210111','-0.10347760170698166,0.05174465179443359,0.10217745155096054,-0.022583082690834998,-0.055232711136341095,-0.031743586994707584,-0.11557228714227677,-0.12495552599430085,0.12126128375530243,-0.11736358255147934,0.1393417790532112,-0.01817956306040287,-0.16921007335186006,-0.10439801812171937,-0.04222290962934494,0.19824718832969665,-0.19519792199134828,-0.20494786500930787,-0.06462679877877235,-0.03920471668243408,0.042784979566931725,0.04521773047745228,0.03182635037228465,-0.03400351610034704,-0.11605118066072465,-0.3485247135162354,-0.08383425921201706,-0.08174026608467103,0.016771537624299525,-0.014389734528958798,-0.0541536845266819,0.06719189584255218,-0.17429294884204866,-0.015329964086413383,0.05015724971890449,0.15445941984653472,-0.01072136964648962,-0.027816429547965527,0.18421169519424438,0.014820361882448197,-0.1968316465616226,0.037144812569022176,0.06065216287970543,0.24050666093826295,0.22206485271453857,0.07409799247980117,0.02678816094994545,-0.11005989611148834,0.13862748444080353,-0.11557241380214692,-0.0047215428203344345,0.19766845703125,0.09365633428096772,0.10058938711881638,0.05020044222474098,-0.06775265410542489,0.08455853760242463,0.08595503568649292,-0.10867729634046555,0.02164793834090233,0.10694516301155091,-0.10802709311246872,-0.01485902424901724,-0.07103152200579643,0.21422609686851501,-0.0134040187462233,-0.0895441085100174,-0.16601389944553374,0.10951804220676423,-0.12655665427446366,-0.14126132279634476,0.023948349803686143,-0.17549787759780883,-0.11435817033052445,-0.3004231512546539,-0.0531808651983738,0.3711106777191162,0.07949066758155823,-0.1914410561323166,0.09423207491636276,0.014185112807899714,-0.034294744953513145,0.12803974747657776,0.15304968059062957,-0.04317799881100655,0.04255202375352383,-0.08426076620817184,-0.02445966899394989,0.24715557992458342,-0.02768020089715719,-0.003524279361590743,0.13485367000102996,0.0010810738429427146,0.0802740253508091,0.021378261782228947,-0.022203021682798862,-0.03227348048239946,0.03972766250371933,-0.13099905252456664,-0.04238906875252724,0.017261437699198724,-0.024315563961863518,-4.994152113795281e-05,0.058024175465106964,-0.09543851166963577,0.1270497828722,-0.0027548051439225674,0.07751362621784211,0.0008070012554526329,0.029051250033080577,-0.1201485201716423,-0.05633910521864891,0.1420554041862488,-0.18886263072490692,0.18884686827659608,0.22017273008823396,0.024332417361438274,0.06951828598976136,0.13214912116527558,0.1355032056570053,-0.06828576251864434,0.060537098348140715,-0.19967638552188874,-0.07498488575220108,0.07366123348474503,-0.001216680184006691,0.11182254403829575,0.04747358188033104'),('2017317210112','-0.07927240133285522,0.09112853705883026,-0.030943950265645982,-0.06666028425097466,-0.002664472511969507,-0.07229716405272484,-0.05710398405790329,-0.12811081409454345,0.16129171550273896,-0.06257958486676216,0.18997882306575775,0.0018667351454496385,-0.17614771723747252,-0.14319751262664795,-0.021736566349864005,0.14251191318035125,-0.24334395825862884,-0.15399453938007354,-0.061350247263908385,-0.03610001131892204,0.07597019672393798,0.03381541930139065,0.010187740391120314,0.005858356785029173,-0.07658378034830093,-0.3041522741317749,-0.13838067650794983,-0.08352361470460892,0.0490361575037241,0.019448600802570583,-0.017850408144295216,0.016819193138508125,-0.19028057157993317,-0.13284049332141876,0.12240659296512604,0.08299704790115356,-0.027849159389734267,-0.03807191476225853,0.18163473010063172,0.04908524304628372,-0.13981430232524872,0.014838350191712379,0.08101618140935898,0.26378109157085416,0.201161789894104,0.08175405636429786,0.007695508189499378,-0.14306746423244476,0.13458654433488845,-0.12748962491750718,0.06282167136669159,0.1930186152458191,0.12471154481172561,0.12022773176431656,0.0342551551759243,-0.12310041189193725,0.045368199795484544,0.09065156280994416,-0.15538633167743682,0.00329737551510334,0.07930046245455742,-0.07060373574495316,-0.0929565116763115,-0.08154077231884002,0.12710499316453933,0.0624578058719635,-0.10271364003419876,-0.2527104437351227,0.13491032719612123,-0.1558564305305481,-0.14465411603450776,0.04232489690184593,-0.15384066104888916,-0.1341789647936821,-0.31370587944984435,-0.03941179271787405,0.32777332067489623,0.11111123263835906,-0.17087447345256807,0.041347847878932954,-0.025345967058092354,-0.02870227713137865,0.0824706993997097,0.13185986876487732,-0.033548557013273236,0.059042655676603314,-0.05976378656923771,-0.024484433978796006,0.17030799090862275,-0.03272171560674906,-0.07684543132781982,0.1590354025363922,-0.025765655003488062,0.09092864990234376,0.05149593576788902,0.029985927417874335,-0.04937905147671699,0.018411105126142503,-0.16694054901599883,-0.07264785021543503,0.061605869233608244,-0.009798399917781354,-0.00827140579931438,0.11272560060024261,-0.11300701200962067,0.1454829305410385,0.015380300977267326,0.04724676348268986,-0.026426318008452652,-0.028170998394489288,-0.08618547320365906,-0.03671465069055557,0.12909576743841172,-0.17481330335140227,0.22744691967964173,0.20320358574390412,0.03040858656167984,0.08863951861858368,0.10432803779840469,0.06948513835668564,-0.04038153551518917,-0.011731588281691074,-0.2224953681230545,-0.09247681200504303,0.0031808460131287574,0.04155911467969418,0.07312611415982247,-0.014670731127262115'),('2017317210113','-0.17066419422626494,0.015918133966624736,0.07134041637182235,5.359374918043613e-05,-0.13174920082092284,-0.08356761187314987,-0.07296444624662399,-0.13505406975746154,0.09098905473947524,-0.0680638462305069,0.290618759393692,-0.06997352316975594,-0.18280308544635773,-0.153503680229187,-0.09170586466789246,0.21384285092353822,-0.14814781546592712,-0.12387667000293731,-0.048453857004642484,-0.05863026082515717,0.06835002154111862,-0.07330024987459183,0.032548435404896735,0.04557989537715912,-0.06084334515035152,-0.33330872654914856,-0.08243970572948456,-0.07564062923192978,0.08576370179653167,-0.04634743221104145,-0.07311932072043419,0.014945946633815765,-0.2696217358112335,-0.1518377274274826,0.04505944103002548,0.09804595112800599,-0.0009656638838350772,-0.05293041691184044,0.17893045246601105,0.0016984956339001656,-0.16428761184215546,0.013559608813375234,0.06418914198875428,0.2032473474740982,0.15326349139213563,0.11962329000234603,0.034414947405457495,-0.14524497389793395,0.1307904064655304,-0.14377158880233765,0.025803495198488235,0.1603189677000046,0.11956610381603242,0.040735853090882304,-0.008382439520210028,-0.10895702093839646,0.09091309905052185,0.10441503077745437,-0.15469201207160949,0.028721937909722328,0.1091893419623375,-0.09971333742141723,-0.04492620825767517,-0.08343115746974945,0.23817692697048187,0.04684151820838452,-0.07437907606363296,-0.16026766896247863,0.1331277072429657,-0.09138276576995849,-0.04697265364229679,0.045096129179000854,-0.1354867622256279,-0.13469599783420563,-0.35375322699546813,0.027911243960261345,0.4254905104637146,0.09681373089551926,-0.19690244495868683,0.035301659256219864,-0.08269310593605042,0.01324724145233631,0.11632037609815597,0.10992856323719025,-0.00783647522330284,-0.00684912521392107,-0.11818329691886902,-0.059402476996183395,0.15747639536857605,-0.05113708972930908,0.008193743834272026,0.15275229513645172,0.0034397365525364876,0.05899877734482288,0.032429973036050795,0.04450565557926893,-0.13545543253421782,0.013122544717043638,-0.07385522499680519,-0.0567172072827816,0.02580675408244133,-0.010780524834990502,0.05023902133107185,0.033564934879541396,-0.1315572142601013,0.05351080894470215,-0.049819105118513105,0.025322384387254714,-0.010035394225269556,-0.03384329676628113,-0.0729751355946064,-0.0791242852807045,0.054409819468855855,-0.21501190066337586,0.24039616584777831,0.19752720594406128,0.03159395046532154,0.12669740617275238,0.14539982974529267,0.11737788766622544,-0.05113626830279827,0.018107559904456137,-0.1002624735236168,-0.0805661842226982,0.04975987672805786,-0.04305491857230663,0.11251680254936218,-0.005300634168088436'),('2017317210114','-0.062181256711483,0.03429947793483734,0.05752577483654022,-0.018803800269961358,-0.12833893448114395,-0.02761817807331681,-0.04569280669093132,-0.13281745910644532,0.10860687494277954,-0.10595772713422776,0.14877540171146392,-0.08764955848455429,-0.23835883438587188,-0.04063900113105774,-0.06033424139022827,0.23936744332313536,-0.17017802000045776,-0.15746589303016661,-0.06378868818283082,0.0390395998954773,0.021747840754687785,-0.03545219600200653,0.03321884032338858,0.024221767112612723,-0.05731094479560852,-0.3491376578807831,-0.08848099708557129,-0.05152878537774086,-0.019238486140966415,-0.022818037122488023,-0.09810892939567566,0.06573527604341507,-0.1525484800338745,-0.058050567656755446,0.05336571931838989,0.08829416632652283,-0.049700495600700376,-0.13862458765506744,0.17433497309684753,-0.054857412725687026,-0.28776794075965884,-0.016505335178226232,0.1194931834936142,0.1941511332988739,0.2172817349433899,0.03558358773589134,0.014012031257152557,-0.10695119053125382,0.12952130883932114,-0.1784056693315506,0.010122118145227432,0.10181534290313721,0.05856410041451454,0.07467614859342575,0.00017135953530669212,-0.12982325702905656,0.06201225519180298,0.11345357447862625,-0.12286865413188934,-0.028098246641457082,0.12812912315130234,-0.12796294838190078,-0.0010561409406363964,-0.10035449415445327,0.21690815389156343,0.06791542619466781,-0.08314104825258255,-0.1878904640674591,0.14950870871543884,-0.1580832064151764,-0.07579483576118946,-0.007056288979947567,-0.16205673515796662,-0.16209281980991364,-0.3146561861038208,-0.047661956399679184,0.33188108801841737,0.1513597309589386,-0.13015898764133454,0.05564040020108223,-0.006589978421106935,0.03729964271187782,0.10772348642349243,0.17075606882572175,0.015143795311450959,0.03515313528478146,-0.11579704582691193,-0.04074233639985323,0.22100959122180938,-0.09070886373519897,-0.01804960737936199,0.17188381254673005,-0.01511918418109417,0.022479095682501792,0.02717781253159046,0.019085001945495606,-0.08224721848964692,0.05558658689260483,-0.1812792092561722,-0.016595682501792906,0.03684087619185448,-0.01035679243505001,0.04627946391701698,0.12452608793973922,-0.10408282279968262,0.0771768145263195,-0.04193962067365646,0.07783291339874268,0.03873366974294186,-0.02510521709918976,-0.09128157943487167,-0.07901886627078056,0.10506029576063156,-0.16132499575614928,0.1547158420085907,0.1587956130504608,0.0650842659175396,0.08071317970752716,0.13067595213651656,0.11686772704124451,-0.018502495996654034,-0.0009289031848311424,-0.23159046471118927,-0.02854147516191006,0.10923416763544083,0.009593993611633777,0.10501335114240647,0.05547227561473846'),('2017317210115','-0.18651998341083526,0.052937792241573335,0.07314960584044457,-0.10987313389778137,-0.14162884205579757,-0.03485524319112301,-0.09319446533918381,-0.20158686339855195,0.09074510037899017,-0.1267653688788414,0.2590576082468033,-0.08501958847045898,-0.2075720876455307,-0.10523905009031295,-0.05632412359118462,0.17941089272499083,-0.16876414716243743,-0.13647778630256652,-0.05052704960107803,-0.05568164885044098,0.056168416142463685,-0.013532076217234134,0.04260949082672596,0.02629409674555063,-0.12278033047914505,-0.33516589999198915,-0.0975702553987503,-0.03342490270733833,0.002355242520570755,-0.05299693793058395,-0.04766967110335827,0.044406627863645555,-0.22551263868808746,-0.04963556751608848,-0.013526240177452565,0.11800741702318192,-0.009024985320866107,-0.07915335446596146,0.1336613804101944,-0.03343075066804886,-0.2092452734708786,0.015589309763163329,0.05344042591750622,0.22825270593166352,0.23613006472587586,-0.0016772501170635224,0.012093175575137139,-0.09184735417366027,0.09482806324958801,-0.13879154920578002,-0.006718514114618301,0.121597521007061,0.023375091888010503,-0.0045376037247478965,-0.016050920076668262,-0.10461603999137878,-0.014911969378590583,0.16550352871418,-0.11843092143535613,0.026226299069821834,0.09825136363506318,-0.1530195340514183,-0.09976554214954376,-0.16159193813800812,0.17010796070098877,0.11307717561721801,-0.11808163672685623,-0.22610422372817993,0.11356342732906341,-0.1225712388753891,-0.08172156140208245,0.041929278522729874,-0.20174899995326995,-0.16310454905033112,-0.33760913014411925,-0.013633682951331138,0.3330171346664429,0.10167075246572495,-0.19565746188163757,0.030229546874761582,-0.007124005467630923,0.055751947313547136,0.11785177439451218,0.1559781700372696,0.044552204012870786,0.042421533912420276,-0.10100210905075073,-0.0011747801676392556,0.16307807266712188,-0.04958675801753998,-0.04708344414830208,0.23437398970127105,-0.03229600507766008,0.03601616509258747,0.0299094932153821,0.059110157936811444,-0.09486245661973954,0.013368473760783673,-0.13255442678928375,-0.030497537553310396,0.03645470105111599,-0.036530762910842896,0.024729208648204805,0.10282380431890488,-0.08604023307561874,0.13546858429908754,-0.03369978405535221,0.11197724491357804,0.0028609514236450197,-0.06563114151358604,-0.0321313813328743,-0.06187317371368408,0.12039895355701447,-0.20022251307964326,0.14378859251737594,0.22277772724628447,0.044903923943638804,0.1282674863934517,0.1396887943148613,0.08716443330049514,-0.02915669307112694,0.07660543546080589,-0.18645350337028505,-0.021121019311249257,0.031710340082645415,-0.03601339347660541,0.10865647941827775,0.0326310969889164'),('2017317210116','-0.14377069920301438,0.10586844384670258,0.002585435472428799,-0.062826706469059,-0.058374875038862226,-0.06528841108083724,-0.05638158023357391,-0.16882283687591554,0.12930126041173934,-0.044402357935905454,0.21281472146511077,-0.07776773795485496,-0.130984890460968,-0.1833177000284195,-0.05029333904385567,0.19656161367893218,-0.23198944926261902,-0.1497941642999649,-0.03153253197669983,-0.028667623177170753,0.07422974109649658,-0.05101920068264008,0.008069984428584576,0.06257796213030815,-0.1573910742998123,-0.36508229970932005,-0.08821734338998795,-0.10635649859905243,0.03883870430290699,-0.011417853203602136,-0.03845760840922594,0.010538608973729425,-0.24888267517089843,-0.09792041480541229,0.015101243928074836,0.10038813948631287,-0.008690727688372136,-0.052886173129081726,0.13452599048614503,-0.002079901099205017,-0.20166340172290803,0.03241117112338543,0.10810126066207885,0.24953439235687255,0.24792456924915313,0.03954934552311897,0.06144821122288704,-0.11024568676948547,0.16973139643669127,-0.10162209421396255,-0.018306327611207963,0.12682667523622512,0.06975520327687264,0.07166551724076271,0.014745982270687819,-0.08370036780834197,0.03905753381550312,0.11282412558794022,-0.17166323065757752,0.036429230496287344,0.09563716948032379,-0.04816243574023247,-0.057496684789657596,-0.08076780587434769,0.18301464021205902,0.05603383481502533,-0.1042299285531044,-0.19314359724521638,0.12665521055459977,-0.16568720042705537,-0.06022073403000831,0.03259623423218727,-0.13257883489131927,-0.18378310799598693,-0.3584843337535858,-0.005580883845686913,0.3494574010372162,0.1117626592516899,-0.1747191220521927,0.053381250612437724,-0.016587129258550704,0.013469940330833197,0.16495247185230255,0.14392293244600296,0.020432645082473756,0.049157113581895825,-0.09482445269823074,-0.023195838928222655,0.21962389051914216,-0.023864182829856872,-0.004013091116212309,0.19816436767578124,-0.03303711004555225,0.03144135046750307,0.008089456614106894,0.06547874435782433,-0.11634668856859207,0.08706295043230057,-0.09899577796459198,0.0020659071393311023,0.04142963439226151,-0.02804596070200205,0.030845528282225133,0.05515505895018578,-0.11468388438224793,0.12018989771604538,0.01126358499750495,0.1063146710395813,-0.029042777977883814,-0.02002816228196025,-0.0896952509880066,-0.050858291983604434,0.10165270119905472,-0.20408766269683837,0.2204378664493561,0.2001134693622589,0.005772080505266786,0.10319720506668091,0.1255227729678154,0.07456715852022171,-0.03333278484642506,0.020532948523759843,-0.15764042735099792,-0.03358789794147014,0.03142800023779273,-0.05645301416516304,0.10669821947813034,-0.0020828589797019957'),('2017317210117','-0.13420400619506836,0.054308201372623446,0.03900146335363388,-0.013040333986282349,-0.08021658360958099,-0.12442241162061692,-0.028967995569109915,-0.1451999843120575,0.14076385498046876,-0.0601693294942379,0.19119061827659606,-0.08737631142139435,-0.15966094732284547,-0.10317694246768952,-0.05909765884280205,0.1762899488210678,-0.16733015179634095,-0.10697454810142518,-0.03982006311416626,-0.05230954959988594,0.09416443705558777,-0.026965558528900146,0.03707667449489236,0.041171285510063174,-0.022535527125000954,-0.3500764608383179,-0.10729441195726394,-0.07070379853248596,0.08371437937021256,-0.023015564866364004,-0.011447463557124138,0.029879792034626006,-0.23172537386417388,-0.14744408726692199,0.05320800170302391,0.07495723217725754,-0.01154970503412187,-0.06263402178883552,0.18188316524028778,-0.0482352115213871,-0.16531700193881987,-0.020545598678290845,0.11047347784042358,0.214784437417984,0.2299255758523941,0.11351680159568786,0.00988477598875761,-0.1108911007642746,0.1245149627327919,-0.09959745109081268,-0.0033269599080085754,0.10834045261144638,0.06959752216935158,0.08263548612594604,-0.016543919779360296,-0.10667193084955215,0.04630514904856682,0.14238145351409912,-0.17054312527179719,0.0230173509567976,0.10632769167423248,-0.10711336731910706,-0.06761570870876313,-0.044535983353853226,0.2719347059726715,0.03900462351739407,-0.09668301045894623,-0.1725497305393219,0.15962176620960236,-0.1735379844903946,-0.05179249495267868,0.016448209621012212,-0.13751880824565887,-0.1206780955195427,-0.2693728029727936,0.0003167841583490372,0.3653962016105652,0.058712451905012134,-0.1433548152446747,0.05695290118455887,-0.04120384342968464,0.027945113368332386,0.12722617089748384,0.13665683269500734,0.007979110628366471,-0.006403670459985733,-0.05882584154605865,-0.07080239951610565,0.19351236522197723,-0.0203860342502594,-0.02876264527440071,0.1856900632381439,-0.03514328859746456,0.04102845005691051,0.020082363020628692,-0.004091045074164868,-0.07540848851203918,0.04428486004471779,-0.12655198723077773,-0.05408159866929054,0.037901383638381955,-0.021863089874386787,0.03162629678845406,0.07536117732524872,-0.13954406827688218,0.08877529352903366,-0.02500356249511242,0.09717747271060943,0.023101359978318213,-0.03831724599003792,-0.08085960298776626,-0.06654186770319939,0.10609619170427323,-0.20078052580356598,0.2520367741584778,0.1799191117286682,0.03485249392688274,0.12497910857200623,0.08676239103078842,0.11374987959861756,0.028276124224066734,0.023114041611552238,-0.17285734117031099,-0.02289986116811633,0.07672508805990219,-0.0336404100060463,0.10757823884487153,0.0014336127787828445'),('2017317210118','-0.08937255386263132,0.07362961862236261,0.04385322204325348,-0.05350780114531517,-0.09407930728048086,-0.07429126184433699,-0.10955894365906715,-0.11337795481085777,0.09748230874538422,-0.01854810502845794,0.2969421073794365,0.02415867382660508,-0.1628112904727459,-0.2188425362110138,-0.032457840628921986,0.12868288159370422,-0.18829819187521935,-0.1420246995985508,0.007184041431173682,0.016281374730169773,0.08287119399756193,9.100907482206821e-05,0.10213969089090824,0.0484262565150857,-0.1270970944315195,-0.3902134448289871,-0.07567744795233011,-0.1310902126133442,0.00279584270901978,-0.01867656293325126,-0.05447319056838751,0.02404231356922537,-0.2236422896385193,-0.08143102936446667,0.030226140283048153,0.09081854112446308,0.014620066853240132,-0.02419302996713668,0.17331817001104355,0.027282884577289224,-0.24398048222064972,0.023949809838086367,-0.002199116861447692,0.2590939588844776,0.20973319932818413,0.0003987607778981328,0.07621830701828003,-0.12723702564835548,0.11988358199596405,-0.10979822278022766,0.05776364170014858,0.1691807322204113,0.1120856162160635,-0.019041344057768583,0.0052172173745930195,-0.09648516960442066,0.01729081477969885,0.10172935947775841,-0.12486176192760468,-0.018945951713249087,0.04378987429663539,-0.02954897191375494,-0.010837233392521739,-0.09544213954359293,0.18933873996138573,0.03641170574701391,-0.1022537462413311,-0.21027686819434166,0.07723182626068592,-0.11221939697861671,-0.09740261547267437,0.12196057662367821,-0.18474865704774857,-0.16879438236355782,-0.35120339691638947,0.000815192935988307,0.36328814923763275,0.05311790108680725,-0.24387483671307564,0.020323543809354305,-0.11967234499752522,-0.013786520343273878,0.09366234019398689,0.11982723511755466,0.004860786022618413,0.09962878748774529,-0.18055084347724915,-0.019776834174990654,0.20738475024700165,-0.08638588897883892,-0.023395285243168473,0.22213584184646606,0.0018104028422385454,0.11280922777950764,0.05978314206004143,0.06703805830329657,-0.08229598216712475,0.09285561554133892,-0.13407208397984505,-0.013735848246142268,0.040225457632914186,-0.02575824363157153,-0.0022677266970276833,0.07989255897700787,-0.15490667894482613,0.06385252717882395,0.011295231757685542,0.044117243960499763,0.008503914345055819,-0.0425804341211915,-0.08414225466549397,-0.135976143181324,0.10814617946743965,-0.20867151021957397,0.19178840517997742,0.18868282437324524,0.09626545011997223,0.11794058419764042,0.1330893076956272,0.03680766839534044,-0.08602627366781235,-0.051980962976813316,-0.16709845513105392,0.015022960491478443,0.04295024136081338,-0.021627463400363922,0.06863437686115503,-0.009606544743292034'),('2017317210119','-0.12598186433315278,0.08767658174037933,0.06885929107666015,-0.07587741389870643,-0.07675482071936131,-0.09985803514719009,-0.06580698937177658,-0.12837081253528596,0.09601502120494843,-0.07298722490668297,0.24349422752857208,-0.05636027082800865,-0.21140103340148925,-0.10927293598651885,-0.0790325477719307,0.11394026726484299,-0.14413626939058305,-0.14853898286819459,-0.013027266785502433,-0.047469344735145566,0.10599305182695389,-0.012348137167282402,0.04176206327974796,0.033036266639828685,-0.07057811021804809,-0.3541527330875397,-0.1285252720117569,-0.09057611823081971,0.05559120178222656,0.0006717518903315067,0.0007608102634549141,-0.004416467435657978,-0.19194431304931642,-0.108859384059906,0.029606954008340836,-0.0071140086278319355,-0.004619455081410706,-0.049623028840869665,0.21128748953342438,0.013701665587723256,-0.24025374948978423,0.0015365545637905597,0.042656511440873145,0.2861642301082611,0.19425723254680632,0.06825136542320251,0.030543032661080362,-0.10197411477565765,0.11421434432268143,-0.15022018551826477,0.07105804607272148,0.18582009077072142,0.09311307966709137,0.016108209639787673,0.05395750105381012,-0.1215680718421936,0.044892264530062675,0.1659188836812973,-0.20737993121147155,0.043882915377616884,0.05636916235089302,-0.06139108836650849,0.048765625804662704,-0.0825747348368168,0.1955343246459961,0.0832150399684906,-0.1012982115149498,-0.1765620529651642,0.16704131960868834,-0.13442468345165254,-0.058323968574404715,0.07300440073013306,-0.16807248592376708,-0.16065555810928345,-0.3099235475063324,0.0164089173078537,0.4353785216808319,0.1331102192401886,-0.1285325586795807,0.051472267508506774,-0.081291713565588,-0.031791402492672205,0.11763284355401993,0.10366573482751847,-0.06716067045927047,0.024248834885656833,-0.0766512356698513,-0.04620576128363609,0.17746942341327668,-0.0019094032235443593,-0.1054409846663475,0.18869106471538544,-0.0532978393137455,0.05415513440966606,0.06606441587209702,0.05032324269413948,-0.1348031774163246,0.03795626945793629,-0.13398843109607697,-0.02966934787109494,-0.027526726201176643,-0.08146758750081062,0.023878164775669574,0.11855504214763642,-0.16128448843955995,0.0972445473074913,-0.014262862503528595,0.04061351902782917,-0.08333233520388603,0.010469728661701084,-0.05690084472298622,-0.026212227158248426,0.0924392208456993,-0.20451216995716096,0.23856073021888732,0.17833277881145476,0.0933669276535511,0.13747556805610656,0.13930317759513855,-0.006757051683962345,-0.005439642071723938,-0.04827306568622589,-0.15082702934741973,-0.05782581567764282,0.05119694396853447,-0.024197689071297646,0.158540478348732,0.026867706887423994'),('2017317210120','-0.10778296738862991,0.10233063697814941,0.04481420069932938,-0.10710928589105606,-0.18152012526988984,-0.05344388410449028,-0.09511965364217759,-0.13584897071123123,0.146327643096447,-0.11667968034744262,0.2659266352653503,-0.025112205184996128,-0.2411563962697983,-0.10020056515932083,-0.039559637755155565,0.16205378174781798,-0.16608021557331085,-0.13339422047138214,-0.013411493226885795,-0.0094644027762115,0.06913761422038078,-0.02212304570712149,0.11788871884346008,0.031079793348908424,-0.07843705415725707,-0.3799254894256592,-0.1253081128001213,-0.05292115807533264,0.010997881926596165,-0.04930804297327995,-0.053706347942352295,-0.05274908766150475,-0.1938714474439621,-0.08416521847248078,0.015530146285891533,0.08080856651067733,-0.04433372616767883,-0.09215342700481415,0.2076115906238556,-0.03810584899038076,-0.22648004591464996,0.006730318441987038,0.05550702810287476,0.20637258291244506,0.18590784668922425,0.041898413375020024,0.07145449370145798,-0.17692593038082122,0.14002206027507783,-0.11492984741926193,0.1199666291475296,0.1302944615483284,0.08266418874263763,-0.004223497770726681,0.010271455440670253,-0.09851121306419372,0.03321448750793934,0.22817593216896057,-0.12290928065776825,0.01036377097479999,0.15835309624671937,-0.030069739371538163,-0.048327389359474185,-0.09244540706276894,0.24077120125293733,0.11331223845481872,-0.09891314208507537,-0.2344340592622757,0.12533469200134278,-0.12023509293794632,-0.123420350253582,0.04103344213217497,-0.18894278407096862,-0.1592373162508011,-0.3034545719623566,0.010863122902810574,0.3766759932041168,0.10487373173236847,-0.16397977471351624,0.0042527164332568645,-0.05265098661184311,0.024604297801852228,0.10589170008897782,0.12348816096782685,-0.05554155856370926,0.016408171877264975,-0.15470640361309052,0.007546618022024632,0.21584925055503845,-0.06884750649333,-0.04221424646675587,0.20867644548416137,0.03673883434385061,0.11691938638687134,0.04698322303593159,0.041371364146471024,-0.11710346341133118,0.07562563046813012,-0.17200748920440673,-0.006587281450629234,0.04994881264865399,-0.0298168221488595,-0.0005134332925081253,0.10963469594717026,-0.14696124494075774,0.1080048531293869,-0.03171575739979744,0.03862304911017418,-0.0021153349429368974,-0.03595158867537975,-0.07950765192508698,-0.09088140875101089,0.1084445595741272,-0.1802255243062973,0.19984245598316192,0.17116734385490417,0.12336446195840836,0.13014250248670578,0.16327584087848662,0.07637943774461746,0.013503888063132763,-0.013065394200384616,-0.21803743839263917,0.005748246208531782,0.0684420794248581,-0.028374332562088968,0.14473696649074555,0.04981361553072929'),('2017317210121','-0.12628249675035477,0.05992117673158646,0.05485570803284645,-0.009617359843105078,-0.0824956551194191,-0.09983519166707992,-0.022108155861496927,-0.14832570999860764,0.11676480621099472,-0.05291470065712929,0.3101681709289551,-0.042820797115564344,-0.19372029602527618,-0.11337904930114746,-0.007234400324523449,0.12371311634778977,-0.14116708934307098,-0.10086188465356827,-0.04500325620174408,0.022608613036572932,0.14458897113800048,0.01103286985307932,0.04342564716935158,0.03560354262590408,-0.07779651135206223,-0.30457702875137327,-0.10528951734304429,-0.08497009873390197,0.02278623413294554,-0.07896037846803665,-0.02091799322515726,-0.06273584514856338,-0.21178905963897704,-0.05838147774338722,-0.023545072041451932,0.02520730122923851,-0.03585096411406994,-0.08310793489217758,0.2069728970527649,-0.03725880086421966,-0.22310339212417601,-0.002253258926793933,0.032068736106157306,0.1733673930168152,0.17226605713367463,0.04337686412036419,0.01380404680967331,-0.13632420897483827,0.07605515867471695,-0.18741111159324647,0.02301748003810644,0.1359670951962471,0.06916408091783524,0.03341514803469181,-0.03094955049455166,-0.11691025644540787,-0.005346767418086529,0.10100387930870056,-0.11483424454927445,0.017950878851115702,0.10116701126098633,-0.07991253063082696,-0.07142341136932373,-0.07685295268893241,0.20094482600688934,0.0636692427098751,-0.12305755466222763,-0.13318444788455963,0.02118476741015911,-0.16144559979438783,-0.10988769382238388,0.0838946670293808,-0.14224380552768706,-0.1897197812795639,-0.3192837178707123,-3.186259418725967e-05,0.383489853143692,0.018983598425984384,-0.21145981252193452,0.008679966162890195,-0.09824302941560745,0.05833812430500984,0.13551248759031295,0.07854139804840088,0.01298555564135313,0.012516552582383156,-0.1716638594865799,-0.007313099689781666,0.21664682030677795,-0.1073979303240776,0.013367565535008907,0.23122083842754365,-0.006535058282315731,0.10040455758571624,0.005720692966133356,0.07754516750574111,-0.006843522004783153,0.022407809272408485,-0.03674816936254501,0.03034009151160717,0.09043596982955933,-0.019254323095083237,-0.0020070459693670275,0.06741312742233277,-0.17107537984848023,0.0950959175825119,0.020096682384610175,0.048219377547502516,0.06953309997916221,-0.0694478452205658,-0.08076562285423279,-0.07824171483516693,0.09624978080391884,-0.2091049760580063,0.21133487224578856,0.17245177924633026,-0.003311948571354151,0.11883635818958282,0.0738101102411747,0.10648344159126281,-0.08792799562215806,0.004583463072776794,-0.20178684890270232,0.0020402856171131134,0.053530992567539216,0.020989584643393754,0.06860657334327698,-0.0176092816516757'),('2017317210122','-0.10730741620063781,0.03828524313867092,0.02097018323838711,-0.09223477095365525,-0.1014864981174469,-0.07006493285298347,-0.05994268581271171,-0.14355066120624543,0.14608671069145202,-0.12522901445627213,0.1828991651535034,-0.08464037999510765,-0.18528640568256377,-0.13530253767967224,-0.025574519485235214,0.17789169847965242,-0.19320075809955597,-0.1803359717130661,-0.022979583591222763,0.024159320443868638,0.05445790737867355,-0.06957219690084457,0.04407216161489487,0.04364787712693215,-0.06768159866333008,-0.39426339268684385,-0.11120770871639252,-0.09111935943365097,0.05411611124873161,-0.0345733929425478,-0.06977183073759079,0.01565011413767934,-0.22935623526573182,-0.1164393812417984,0.011980999447405338,0.13515072762966157,-0.002357664331793785,-0.06998230516910553,0.1811593234539032,-0.004505440406501293,-0.23042023479938506,0.0021779931150376795,0.027715938165783882,0.21648262441158295,0.20367376506328583,0.06687022447586059,0.058025521039962766,-0.13672831803560256,0.14237906336784362,-0.13334640562534333,0.05367243066430092,0.11249191164970399,0.07624975144863129,0.015584330633282661,0.0047323483973741535,-0.08929230719804764,0.10156224519014359,0.10852743238210678,-0.17593506276607512,0.03661623168736696,0.15830293595790862,-0.10624367147684097,-0.04847349226474762,-0.034336879197508094,0.21982060968875886,0.044044052809476854,-0.04604469351470471,-0.21666796505451202,0.1682295858860016,-0.13772148936986922,-0.07091734632849693,0.03696452230215073,-0.14523354768753052,-0.12480838298797607,-0.3239424765110016,-0.01917639560997486,0.3916420578956604,0.1025449812412262,-0.1481351748108864,0.07204363495111465,-0.06357762143015862,0.009802073519676924,0.14787452220916747,0.11828456670045853,-0.008373741060495377,0.02732942495495081,-0.1506672888994217,-0.004339429177343845,0.20813615918159484,-0.04120041411370039,-0.02019103947095573,0.13924436867237092,-0.01621559038758278,0.06392454355955124,0.053939967229962346,0.033035555854439735,-0.09706281274557113,0.07374045997858047,-0.13037989884614945,-0.0413935299962759,0.10761207640171051,-0.0360177144408226,0.013039358425885439,0.10594466477632522,-0.15455307066440582,0.10184094756841659,-0.05236528143286705,0.03761429358273745,0.027721286192536353,-0.039632316678762436,-0.08293983489274978,-0.06759101897478104,0.11330864876508713,-0.1884043902158737,0.18563171923160554,0.205692121386528,0.06127008944749832,0.0896080881357193,0.11845628172159195,0.08120977580547332,-0.021010302379727362,-5.257688462734222e-06,-0.24313321113586425,-0.03662736862897873,0.04935212135314941,0.013729333505034446,0.12728039920330048,0.0389805618673563'),('2017317210123','-0.08119372799992561,0.03699302598834038,0.025922991707921027,-0.059730850905179975,-0.05691257491707802,-0.07549966275691986,-0.06352093294262887,-0.1385266050696373,0.12855713963508605,-0.10058320164680482,0.23368460536003113,-0.05424320250749588,-0.20309532582759857,-0.12033237218856811,-0.060717853158712386,0.15951020419597625,-0.2008945345878601,-0.14881945550441741,-0.00889132209122181,-0.028374553471803666,0.11994323432445526,0.03807430192828178,0.015288636577315629,0.02447149995714426,-0.08376250565052032,-0.33918082118034365,-0.13313883394002915,-0.050038614124059674,0.0599802628159523,-0.03460278213024139,-0.03104466460645199,0.06228945776820183,-0.17753892242908478,-0.07667466402053832,0.03718767575919628,0.11929230242967606,-0.007889673905447125,-0.06665702611207962,0.16484958827495574,-0.005486256629228592,-0.17648623883724213,0.011573870480060578,0.08421506434679031,0.22288545072078705,0.2084823429584503,0.048685599118471146,0.03220661468803883,-0.15607212781906127,0.08082606047391891,-0.11902902871370316,-0.02302372604608536,0.14890244603157043,0.10734298676252366,0.08995824158191681,0.0004838619381189346,-0.11185678690671921,0.045649558305740356,0.10588003695011139,-0.11027467399835586,-0.01218516337685287,0.08324996680021286,-0.11034159660339356,0.013159618712961674,-0.04594246670603752,0.21413636207580566,-0.027609003824181855,-0.09299774765968323,-0.17195374071598052,0.1253107413649559,-0.15514417588710785,-0.12715796679258345,0.054837876558303834,-0.13984107077121735,-0.1323924869298935,-0.3056859850883484,-0.013920341059565544,0.36343554258346555,0.07016088292002678,-0.16194222569465638,0.12252423763275147,-0.04170158244669438,0.0032892705872654914,0.15391004085540771,0.12031563669443131,-0.008418989926576614,0.022860410064458846,-0.14403658211231232,-0.01810783427208662,0.2208586424589157,-0.06572626754641533,-0.007464986341074109,0.16039517223834993,-0.00084998719394207,0.13855925649404527,0.07954071313142777,0.037260990403592584,-0.055133610218763354,0.07329204827547073,-0.11503599137067795,0.0006778823211789131,0.027221224457025527,-0.022479256428778172,0.017108454648405314,0.08297412842512131,-0.07524497583508491,0.10350304320454598,0.009492098726332188,0.04304277524352074,0.01319345524534583,-0.02227576747536659,-0.08432939350605011,-0.07763971835374832,0.1101601704955101,-0.2340112268924713,0.17394316494464873,0.18384097516536713,0.02818680927157402,0.1338857263326645,0.12909500896930695,0.1317033737897873,-0.05831038132309914,-0.019198585487902164,-0.20072997808456422,-0.008146865013986825,0.06449442058801651,-0.0012085841968655585,0.09482676088809967,0.002897323854267597'),('2017317210124','-0.028092703595757485,0.09017883688211441,0.0836091697216034,-0.051203593611717224,-0.15965651273727416,-0.015372940432280302,0.025809655711054803,-0.10878901481628418,0.1320698603987694,-0.0994332805275917,0.2291046917438507,-0.0930091381072998,-0.27719956636428833,0.011974381096661092,-0.07005459405481815,0.22795912623405457,-0.14333193004131317,-0.13789477050304413,-0.08112428337335587,0.01683518886566162,0.03132392968982458,0.03920424692332745,-0.020239697955548763,-0.007591693382710219,-0.0719391569495201,-0.3100166738033295,-0.06737231388688088,-0.057172900438308714,-0.01301299724727869,-0.03426054604351521,-0.05320374239236116,0.0400629922747612,-0.1597843736410141,-0.07049539610743523,0.09444693177938461,0.07800732105970383,-0.021655436465516688,-0.16637865006923674,0.14038307964801788,-0.01722350623458624,-0.2596523970365524,0.009887735918164253,0.12373736798763275,0.21052348613739014,0.14704777896404267,0.02865598313510418,0.01736796721816063,-0.12670495957136155,0.12343704700469971,-0.21202290952205657,-0.04126531966030598,0.02287194421514869,0.09482545256614686,0.04166755825281143,0.021129638701677323,-0.17390500009059906,0.04925539866089821,0.0916673868894577,-0.1476142942905426,-0.028009720891714097,0.09960606396198272,-0.09616077989339829,-0.031121649965643882,-0.1072863757610321,0.25056257247924807,0.023096815031021834,-0.12316862195730209,-0.15296987891197206,0.1209565445780754,-0.15612770915031432,-0.0934416800737381,0.039761997759342194,-0.1292829304933548,-0.12166594862937927,-0.3134252429008484,-0.028417365998029707,0.38435707092285154,0.08310311362147331,-0.16303806900978088,0.027097149565815926,-0.012344550481066108,0.08555717244744301,0.09179813861846924,0.14195932894945146,0.017020312324166297,0.03356952089816332,-0.1211069643497467,-0.04234151691198349,0.2878843069076538,-0.14435034096240998,-0.028628751821815967,0.20215263664722444,-0.04109660498797894,0.05146638676524162,-0.014854195527732372,0.0069615841843187806,-0.06069923639297485,0.021082713548094035,-0.11253690719604492,0.00816818568855524,0.07180610746145248,-0.03559643886983395,-0.009754114551469684,0.13952645659446716,-0.20605146288871765,0.01886647930368781,-0.05448157489299774,0.01798080503940582,0.05387368053197861,-0.05092894434928894,-0.09221933037042618,-0.04291866533458233,0.14272683262825012,-0.24952946305274964,0.17567098736763,0.2003779411315918,0.004002778558060527,0.056740055233240126,0.10975353717803955,0.011701674573123455,0.015627562440931796,-0.005622494593262672,-0.2219178318977356,-0.09519128650426864,0.10497004240751266,-0.05355371087789536,0.0631619818508625,-0.009296828135848045'),('2017317210125','-0.0642547883093357,0.03303274307399988,0.01172393662855029,-0.06431893706321716,-0.10670260339975357,-0.06839937716722488,-0.011305536516010762,-0.12117018103599549,0.16544544100761413,-0.07681768760085106,0.24945271909236907,-0.07341624423861504,-0.19925878643989564,-0.08020912781357765,-0.058517583087086676,0.21181246638298035,-0.2094250351190567,-0.14031040370464326,-0.07765947729349136,0.024170338176190853,0.09812302887439728,0.010024260822683572,0.05069561153650284,0.05477913543581962,-0.08915290683507919,-0.37738855481147765,-0.0805730402469635,-0.057148097455501555,-0.012293282710015774,-0.03753142356872559,-0.004538166150450706,0.0662190280854702,-0.2158950537443161,-0.07694778591394424,0.07976940870285035,0.062193135172128676,-0.022171019203960897,-0.1292469322681427,0.20663779675960542,-0.020548733323812483,-0.26257385313510895,0.03575373664498329,0.10162578523159027,0.21829769909381866,0.17611516416072845,0.031799367442727086,0.017136718332767486,-0.1504494845867157,0.15437994599342347,-0.14643239974975586,-0.01048183236271143,0.11710377782583237,0.07388563826680183,0.03632754497230053,0.003459259867668152,-0.10108484327793121,0.04731474816799164,0.14500777721405028,-0.1522861272096634,-0.047617241740226746,0.10289499908685684,-0.08963669538497925,-0.0333188908174634,-0.14905783534049988,0.21501684486865996,0.01979553885757923,-0.12157198339700699,-0.17024941742420197,0.09905760139226913,-0.12132348120212555,-0.07483221292495727,0.04473108500242233,-0.17874139845371245,-0.18512819111347198,-0.302001953125,-0.017229275591671468,0.3555062830448151,0.07113337367773057,-0.1669866055250168,0.05992825031280517,-0.005151369795203209,0.05396087095141411,0.08904608488082885,0.17086285054683686,0.012452516332268715,0.054241780936717984,-0.09229603558778762,-0.003482416830956936,0.2217080622911453,-0.07527563869953155,-0.019232426397502424,0.23118893206119537,-0.026449088752269746,0.05034447722136974,0.014903967455029487,-0.01417919872328639,-0.06237428411841393,0.06305814757943154,-0.1359313115477562,0.02963289264589548,0.028591187484562398,0.01687517501413822,0.015299636404961348,0.08398715257644654,-0.13264780193567277,0.06227453574538231,-0.03744177892804146,0.04891036748886109,0.03346122335642576,-0.04151923600584269,-0.07584782466292381,-0.09357250183820724,0.07359644398093224,-0.22621001899242402,0.18550729751586914,0.15565385818481445,0.07130223512649536,0.11103129833936691,0.0833739310503006,0.0837017148733139,-0.03037747573107481,0.02911010030657053,-0.23486430943012238,-0.0030240586027503015,0.13373232632875443,-0.010078548546880483,0.11005323380231857,-0.0298496057279408'),('2017317210126','-0.11554301828145981,0.013204646296799183,0.050246046483516695,-0.06346277818083763,-0.09810775071382523,-0.13184484839439392,-0.04767707884311676,-0.17622465789318084,0.13622897118330002,-0.08857602030038833,0.21484943628311157,-0.07931355610489846,-0.19350586831569672,-0.06930687054991722,-0.0593270055949688,0.21945659816265106,-0.25884472131729125,-0.12406968772411346,-0.033019306138157845,0.018448211438953876,0.04510581083595753,-0.015417972672730684,0.09326863437891006,0.08005940243601799,-0.07931146845221519,-0.4016288757324219,-0.11829541176557541,-0.06839080378413201,0.018959021382033824,0.004965199716389179,-0.03030926324427128,0.09209448695182801,-0.19773031175136566,-0.05766801238059997,0.055270707607269286,0.11438614875078201,0.015080220345407725,-0.10615747570991516,0.1909709483385086,-0.03490547426044941,-0.26090588271617887,-0.005796507559716701,0.1185756117105484,0.21804478168487548,0.22072919309139252,0.05584833323955536,-0.006753682158887386,-0.10483918935060502,0.09210624396800995,-0.1678585022687912,-0.00978788174688816,0.10038861036300659,-0.01831207424402237,0.012058676965534688,0.007116562686860561,-0.10920761227607727,0.05658421963453293,0.14420464336872102,-0.17531948387622834,-0.03052106057293713,0.09370686560869217,-0.1375400096178055,-0.029463816806674002,-0.07203736901283264,0.2549851506948471,0.10630538016557693,-0.10246255248785019,-0.13634372651576995,0.14157346785068511,-0.17125625908374786,-0.05594947412610054,0.001242097280919552,-0.1564134955406189,-0.14283301830291747,-0.30120533108711245,-0.06596118286252022,0.3603150904178619,0.0635347880423069,-0.1528230458498001,0.08141053318977357,-0.00951570887118578,0.027126506716012955,0.1609645277261734,0.16380240321159362,0.013639810681343078,0.019969685561954977,-0.12404611706733704,-0.030648189410567284,0.20190960466861724,-0.03794705718755722,0.014965689321979881,0.23007083535194398,-0.03797329142689705,0.027740471251308917,0.06486696377396584,0.01534601803869009,-0.0823444053530693,0.029315507411956786,-0.18373335301876068,-0.026295162830501796,0.06277880817651749,-0.0009388926438987256,0.01344262296333909,0.09558455646038055,-0.13811842650175093,0.025863909721374513,-0.006203695945441723,0.022943904064595698,0.07824765667319297,-0.03207304030656814,-0.058916734904050826,-0.12626106292009354,0.1024371862411499,-0.1987474650144577,0.20581307411193847,0.18255448937416077,0.017743407934904098,0.12882738262414933,0.0668538749217987,0.10787240117788315,-0.051748724281787874,0.009723992459475994,-0.1808510720729828,0.007915694400435314,0.099459008872509,-0.0300560861825943,0.11485004425048828,-0.008888034243136644'),('2017317210127','-0.07498884499073029,0.07357232570648194,0.011803743429481983,-0.03271920578554273,-0.04650639034807682,-0.08806068003177643,0.0065486814826726915,-0.13833239525556565,0.14167309999465943,-0.027713463455438615,0.32321162819862365,-0.08370827734470368,-0.24390015304088591,-0.14667000472545624,-0.050071040913462636,0.14563424289226531,-0.21772483885288238,-0.08034397661685944,-0.06144124045968056,0.015869585797190666,0.07185230776667595,0.016692682914435864,0.12210769057273865,0.034382715448737146,-0.06898873895406724,-0.3659089982509613,-0.10006676763296127,-0.11308430135250092,0.04346748199313879,-0.0830565184354782,-0.03206662219017744,0.018519691843539476,-0.22463951706886293,-0.14400675445795058,0.03810298442840576,0.005856027826666832,-0.039052439481019975,-0.08779648989439011,0.2476218730211258,-0.040890516340732576,-0.18669265508651733,-0.00543446084484458,0.07368945628404618,0.2182900995016098,0.16586169600486755,0.04556283876299858,0.008157719857990742,-0.14011261463165284,0.06148551926016808,-0.14715395569801332,0.05647655725479126,0.1188784122467041,0.10515313148498535,0.03249435592442751,-0.03000636398792267,-0.0784286841750145,0.01544149499386549,0.10721639692783355,-0.19024601876735686,-0.0017018408980220556,0.08876395970582962,-0.05366621986031532,-0.06037115380167961,-0.00936150699853897,0.1935722440481186,0.060335298627614976,-0.10421439409255981,-0.15683747380971907,0.08791125267744064,-0.15418999791145324,-0.054391279071569446,0.1171472653746605,-0.1317156285047531,-0.18352575600147247,-0.2782395422458649,-0.014194386079907417,0.40652353763580323,0.008791218698024749,-0.1935842365026474,-0.017374662682414055,-0.056998281925916675,-0.05424708761274814,0.11355602145195007,0.13004845678806304,-0.020995446108281614,0.01695657577365637,-0.13222027868032454,0.03559004999697209,0.1897599756717682,-0.0734418734908104,-0.08962604254484177,0.20834304094314576,0.006606075167655945,0.043407312035560607,0.0790910191833973,0.08104646950960159,-0.02943307664245367,0.025298203993588685,-0.11570337563753127,-0.0032845772802829742,0.10818275213241577,-0.011372463405132293,-0.05911288410425186,0.08857632875442505,-0.10982838869094849,0.09369959831237792,0.008682252420112491,-0.030727421492338182,0.05140669159591198,-0.09464944899082184,-0.033578436262905596,-0.09355566948652268,0.10361962169408798,-0.21861454248428344,0.19370256066322328,0.14182933270931244,0.017128393054008484,0.11690546572208405,0.004770105518400669,0.06869613006711006,-0.020490968134254217,-0.00652453787624836,-0.1887127012014389,-0.0575333297252655,0.08181569576263428,0.012202836852520705,0.15366160571575166,-0.06586781814694405'),('2017317210128','-0.15005871653556824,0.1285147786140442,0.07942748665809632,0.0007010212168097496,-0.09245887249708176,-0.12171428203582764,-0.0643802136182785,-0.14828896820545195,0.08533262312412263,-0.027269867435097694,0.29768950343132017,-0.0554127536714077,-0.14990006387233734,-0.2098938375711441,0.02230972982943058,0.1651008814573288,-0.1480820059776306,-0.12359866201877594,-0.01192413568496704,0.01497587226331234,0.10248653888702393,-0.01178834866732359,0.0907595694065094,0.05506013855338097,-0.06004953533411026,-0.38832467794418335,-0.12037610113620759,-0.14434637129306793,0.06281367801129818,-0.05260623637586832,-0.030045846849679946,-0.008559089992195368,-0.223259037733078,-0.10386828631162644,0.009625903889536857,0.03249562494456768,-0.06329302564263344,-0.027113283053040504,0.20439534783363342,-0.016941362991929054,-0.21541084349155426,-0.01628581527620554,0.03926413506269455,0.20002353489398955,0.1638243615627289,0.06905280351638794,0.08745772540569305,-0.11809814721345901,0.09371252655982971,-0.08018727302551269,0.04773821458220482,0.15324615836143493,0.16154499351978302,0.031867242977023126,0.001508702151477337,-0.12951004952192308,0.011907639726996423,0.10760215520858765,-0.20458846688270568,0.009256393369287252,0.09069170951843261,-0.06142563447356224,-0.10194790959358216,-0.07856690734624863,0.2469237893819809,0.07588130347430706,-0.10727596133947373,-0.17189010977745056,0.12836883664131166,-0.10558374375104904,-0.03900991883128881,0.11953787356615067,-0.168813356757164,-0.18247014582157134,-0.2711751341819763,0.040991852432489394,0.34436696767807007,0.012066027894616128,-0.18174347877502442,0.002301333099603653,-0.07666364088654518,-0.007260136306285858,0.021850995533168317,0.1305307224392891,-0.02528120782226324,0.022877311520278453,-0.09459011256694794,-0.03282697536051273,0.10902553647756577,-0.09944264739751815,0.04408848322927952,0.184042090177536,-0.009902463108301163,0.08772531896829605,-0.006872003618627787,0.0011131510138511658,-0.06579076200723648,0.06734653264284134,-0.042317451909184456,0.003395230881869793,-0.009137499332427978,-0.051097508519887924,-0.009414582327008248,0.020768655091524126,-0.14089301973581314,0.09722890257835388,0.013636427372694016,0.03348183054476976,-0.027816171199083327,-0.050605911388993265,-0.06102931872010231,-0.11106549799442292,0.0752142533659935,-0.22539222240447998,0.23753660023212433,0.17273744344711303,0.010682069510221482,0.14161232709884644,0.07265090644359588,0.13099420666694642,-0.04302816092967987,-0.025653426349163056,-0.19067667722702025,0.011916250828653574,0.114160718023777,-0.05687454491853714,0.029456164687871933,-0.028301315754652022'),('2017317210129','-0.1053956538438797,0.10979437679052353,0.04435116983950138,0.0019585106056183577,-0.08685592412948609,-0.0800345242023468,0.001408083364367485,-0.14886146634817124,0.12234546095132828,-0.05332844704389572,0.26758232712745667,-0.11875907331705093,-0.1797463923692703,-0.13423042893409728,-0.03023331519216299,0.14657258689403535,-0.15915772914886475,-0.1297171637415886,-0.038605877012014386,0.015107282064855098,0.11437237709760666,-0.004056678805500269,0.07557582035660744,0.048553263396024705,-0.12269791960716248,-0.3584242403507233,-0.09259082227945328,-0.10305977314710617,0.047775743156671525,-0.06450014412403107,-0.04188140518963337,0.017621822468936444,-0.2330237627029419,-0.1435342848300934,0.026135004684329034,0.04958713129162788,-0.010037218872457742,-0.08061783164739608,0.22859960198402404,-0.022794095613062382,-0.23126726746559143,0.035718766413629054,0.06124183684587479,0.23347410857677459,0.12903416603803636,0.08564885407686233,0.03712368775159121,-0.15328440368175505,0.09707192778587341,-0.1272975966334343,0.016088581271469594,0.1344895362854004,0.06569207906723022,0.00487813800573349,-0.005389412119984627,-0.10035742223262786,0.03991137482225895,0.07060748785734176,-0.1628182888031006,-0.01390008144080639,0.12526327073574067,-0.0564543753862381,-0.013138115592300891,-0.09102421030402183,0.23549854457378389,0.037156293913722035,-0.06387689113616943,-0.15150331258773803,0.09467737674713135,-0.13788883239030839,-0.08463916182518005,0.08872990012168884,-0.11484944373369217,-0.13586588501930236,-0.32343901991844176,-0.008082709275186062,0.43064085245132444,0.058797673881053926,-0.18562453985214233,0.03421612903475761,-0.08910405933856964,0.015225989278405905,0.13675499856472015,0.13133672773838043,-0.01805111188441515,0.04133039712905884,-0.13291433900594712,-0.028865398839116096,0.21625983715057373,-0.0576842337846756,-0.04220871552824974,0.16419748067855836,0.014589568227529525,0.062049048393964766,0.052683479338884356,0.004285823134705424,-0.11277605593204498,0.03965599648654461,-0.08597883284091949,-0.0016615757718682288,0.05135380253195763,-0.00502193421125412,-0.006247131060808897,0.12517774552106858,-0.17372969388961793,0.09007325172424316,-0.02752361772581935,-0.016071022395044564,0.023185211606323718,-0.017648576013743877,-0.06086035817861557,-0.07500603049993515,0.06826447248458863,-0.2411360740661621,0.1647371381521225,0.14789018630981446,-0.0026466067880392074,0.12050261497497558,0.09851082116365432,0.1075152724981308,-0.05744688659906387,0.05772338807582855,-0.2075681895017624,-0.06551044881343841,0.1079687461256981,-0.016914067789912224,0.14147545546293258,-0.02724276911467314'),('2017317210130','-0.06374290306121111,0.08059181459248066,0.0562504418194294,-0.029649758245795965,-0.08323387615382671,-0.06716407649219036,-0.02147806342691183,-0.14180321246385574,0.14822478592395782,-0.10723115131258965,0.2354148030281067,-0.10132322087883949,-0.21422789990901947,-0.07245784439146519,-0.06688438169658184,0.23447997123003006,-0.14758197776973248,-0.12186343409121037,-0.09791329130530357,0.025815347209572792,0.10133568942546844,-0.0071008103841450065,0.027806274127215147,0.05665393266826868,-0.0725369080901146,-0.36155346035957336,-0.06938138790428638,-0.07869190163910389,-0.02351421397179365,-0.04706888599321246,-0.034640463069081306,0.08035716228187084,-0.16800644621253014,-0.06548237428069115,0.02285552443936467,0.04976649582386017,-0.028663450852036476,-0.12498672865331173,0.20336675643920898,-0.02112060086801648,-0.26935461163520813,-0.04672491457313299,0.03517209878191352,0.180894635617733,0.15054043382406235,0.040736096911132336,0.04382221680134535,-0.1483020968735218,0.1176295205950737,-0.20542100816965103,-0.0036721350625157356,0.10828964971005917,-0.002952627371996641,0.07104778476059437,0.005541108548641205,-0.13202504999935627,0.04323303885757923,0.13382483646273613,-0.14161202311515808,-0.04139820113778114,0.07997053861618042,-0.14189700782299042,-0.03515742439776659,-0.11321878992021084,0.2601267769932747,0.12449654750525951,-0.09293569065630436,-0.11408323794603348,0.16544348746538162,-0.11226041987538338,-0.06933817826211452,-0.0007346027996391058,-0.1314864605665207,-0.14826452359557152,-0.27419164776802063,-0.027159862220287323,0.3650760278105736,0.07965369708836079,-0.19320955500006676,0.012316108914092183,-0.04966318979859352,0.040712649933993816,0.1425989493727684,0.1627872996032238,0.018600008450448513,0.011776880361139774,-0.08103694766759872,-0.03423885186202824,0.22486888244748116,-0.08802274242043495,0.009368995059048757,0.2266586422920227,-0.04331811936572194,0.04152828548103571,0.025008315220475197,-0.004915347322821617,-0.08500450477004051,0.05931142810732126,-0.10228597931563854,0.010435386444441974,0.078042047098279,0.008245574426837265,0.00807975116185844,0.10595892369747162,-0.11918604001402855,0.07731516286730766,-0.03733148146420717,0.05355161358602345,0.07506876811385155,-0.05872925743460655,-0.05063632316887379,-0.09067405574023724,0.11163869686424732,-0.129415363073349,0.2039175033569336,0.12174173817038536,0.011871160357259214,0.12164600566029549,0.09394283127039671,0.1406737733632326,-0.02927651908248663,-0.030506549403071404,-0.2547784373164177,-0.0014210739027475938,0.16783320158720016,0.0006451928056776524,0.05408383905887604,-0.027657102094963193'),('2017317210131','-0.16287074983119965,0.0993278443813324,0.11879518777132034,-0.02097255368717015,-0.07450547516345978,-0.07562458291649818,-0.06785986647009849,-0.15952619910240173,0.0951821893453598,-0.06862801536917687,0.2828933835029602,-0.07361395359039306,-0.15400967597961426,-0.17149976193904876,-0.03602568283677101,0.1697799950838089,-0.20893338024616243,-0.13575846552848816,-0.014621340483427048,-0.005013954639434814,0.0860009953379631,-0.04859462156891823,0.0800902009010315,0.0010230817832052707,-0.10172920078039169,-0.35414533615112304,-0.10037494450807571,-0.09038913995027542,0.06199812665581703,-0.003971017990261316,-0.014165239781141281,-0.0004381888196803629,-0.20863329470157624,-0.07267470508813859,-0.02344526406377554,0.09213757663965225,-0.020724560925737025,-0.04429049640893936,0.15591740608215332,-0.0632881611585617,-0.19771813750267028,0.005589215736836195,0.0755004808306694,0.22013133466243745,0.23434749841690064,0.07641730159521103,0.054629549384117126,-0.091318379342556,0.10575590431690216,-0.14378872364759446,0.027381509728729724,0.1023641511797905,0.10008211582899093,0.03470763564109802,0.032830667495727536,-0.11065108180046082,0.030151710286736487,0.10060022920370101,-0.12956496179103852,0.025703290989622474,0.08080019876360893,-0.05978933870792389,-0.027684074267745017,-0.0640644796192646,0.23842877745628357,0.0632551446557045,-0.1016339510679245,-0.18125140070915222,0.11794243603944779,-0.13247458040714263,-0.07799239754676819,0.09409772604703903,-0.15920119285583495,-0.1215984970331192,-0.36386951208114626,-0.01727817989885807,0.41648232340812685,0.01617504172027111,-0.1474266916513443,0.03388627022504807,-0.03582957163453102,0.009246736019849777,0.09447598606348037,0.14476242065429687,-0.02367548309266567,0.015012228302657605,-0.13823040425777436,-0.05365446843206882,0.1803187310695648,-0.06905590295791626,-0.03811693638563156,0.17566829025745392,-0.005118164420127869,0.05345815755426884,0.011881775502115489,0.030094279814511536,-0.04341467991471291,0.06834661066532136,-0.08600632101297379,-0.007149292901158333,0.01844261698424816,-0.037853782251477244,-0.010440285876393318,0.05203679800033569,-0.13124539703130722,0.08080928325653076,-0.0020756008103489875,0.09437699168920517,0.010741988755762577,-0.024794062972068785,-0.08376231044530869,-0.06158644407987594,0.09956922829151153,-0.2544446408748627,0.16948916614055634,0.20874607264995576,0.02930964110419154,0.11104079335927963,0.113337941467762,0.1040866270661354,-0.02703470177948475,0.05748801566660404,-0.15060275197029113,-0.017073992267251016,0.02186453603208065,-0.051394108682870865,0.0795337550342083,0.049612521380186084'),('2017317210132','-0.0420483898371458,0.06908061690628528,0.033321358263492584,-0.006049964763224125,-0.017866390431299804,-0.016129586938768627,-0.016074649058282375,-0.06640441119670867,0.07734025120735169,-0.0495612807571888,0.25727616548538207,-0.06114284843206406,-0.24123916923999786,-0.12856792658567429,-0.09073982387781143,0.16342560648918153,-0.16136705875396729,-0.13030517399311065,-0.06109178066253662,0.058322745561599734,0.13031155318021775,-0.010779431369155646,0.013001761585474014,0.018354535475373267,-0.05094538107514381,-0.3482638955116272,-0.0793654441833496,-0.08339007198810577,0.01994941122829914,-0.023768604546785355,-0.0351704265922308,-0.007987069175578653,-0.20842048525810242,-0.06230678483843803,0.04627074189484119,0.07950843572616577,-0.03141167499125004,-0.04702556394040584,0.2133914679288864,0.004775293171405792,-0.20580596029758452,0.045865734666585924,0.028868708573281766,0.24125658869743347,0.20818661749362946,0.08768108785152436,0.009089409932494163,-0.14841350317001342,0.07109317258000374,-0.186183425784111,0.07450879514217376,0.16882867217063904,0.14412400126457214,0.09629699289798736,0.0013629181310534477,-0.09878423064947128,0.05470482781529427,0.07540883347392083,-0.15405395328998567,-0.02737351171672344,0.04672862812876701,-0.09413828402757644,-0.0012652775272727012,-0.07826764583587646,0.18395877480506898,0.0007398390211164951,-0.09458299130201339,-0.19144291281700135,0.13603943288326265,-0.15398992598056793,-0.08322503045201302,0.0745641827583313,-0.12932228595018386,-0.14883224666118622,-0.3135292649269104,0.04724028967320919,0.3920172929763794,0.12570262998342513,-0.18908230662345887,0.07428774386644363,-0.06698679476976395,-0.003693506121635437,0.13280839174985887,0.10022241324186325,0.014370732381939888,0.001493971049785614,-0.12082992345094681,-0.00010319426655769348,0.17654314041137695,-0.11232349872589112,-0.059397097676992416,0.14257895648479463,-0.04517645910382271,0.05545431151986122,0.0493472971022129,0.013221580674871803,-0.027422992512583733,0.10348453968763352,-0.10623316317796708,-0.008059015404433012,0.07211958467960358,-0.015531932190060615,0.02658880688250065,0.076495973020792,-0.12424193769693374,0.06093024387955666,-0.03444247916340828,0.011933306790888309,0.07108340486884117,-0.04060857258737087,-0.13461124300956726,-0.05532648414373398,0.12236694395542144,-0.2514364033937454,0.2620468497276306,0.15251942574977875,0.017149577848613262,0.07758935987949371,0.14067552089691163,0.11899393647909165,-0.020480105839669704,-0.03944176211953163,-0.24278327226638793,-0.054617661982774734,0.09744920134544373,0.0537582702934742,0.12453920990228654,-0.022908486798405646'),('2017317210133','-0.09285710453987121,0.1182243674993515,0.0071723275817930695,0.0104350121691823,-0.059359084069728854,-0.04614982753992081,-0.06634475737810135,-0.1482331186532974,0.04565194770693779,-0.0314075019210577,0.26138470470905306,-0.055810919404029845,-0.17454121112823487,-0.12834812253713607,-0.027289845608174802,0.1510387897491455,-0.19899522960186006,-0.14796778857707976,-0.04940142259001732,0.025916213169693947,0.09059295803308487,0.0013823531568050384,0.002725869324058294,0.04580517783761025,-0.07194169610738754,-0.31960670948028563,-0.05949751436710358,-0.07526630386710167,0.09240943640470504,-0.06226946413516998,-0.058824922144413,0.013301988830789924,-0.18346767425537108,-0.08618925213813781,0.08687064647674561,0.056476854532957074,-0.0197145439684391,-0.02735963575541973,0.20793920159339904,-0.030999812856316568,-0.22639908492565156,0.05658511370420456,0.08933901488780975,0.27139284610748293,0.25587738752365113,0.07866389006376266,-0.011001350544393062,-0.1437589406967163,0.1053916022181511,-0.1353473350405693,0.04588613621890545,0.19921401143074036,0.11209394782781601,0.10043489634990692,-0.019105083681643008,-0.15615737140178682,0.010219691880047321,0.0896760955452919,-0.10080347657203674,0.000500993337482214,0.10895110219717026,-0.058245154842734334,0.03356817029416561,-0.10644616037607194,0.21638129353523256,-0.0038508499041199685,-0.12240587025880814,-0.17205425798892976,0.0806382104754448,-0.12602659314870834,-0.10927030295133591,0.04184751212596893,-0.17867071330547332,-0.14338973313570022,-0.3014974117279053,0.007842757552862168,0.36885849237442014,0.09991887658834457,-0.19815781712532043,0.058510060608386996,-0.04315889626741409,-0.0017345446161925794,0.12133488804101944,0.12608522921800613,-0.010214995592832565,-0.03385202661156654,-0.06424382105469703,-0.036264299601316455,0.19864677190780639,-0.02607292905449867,-0.027002086117863654,0.14973138868808747,-0.053147480636835095,0.058692194521427155,0.05101082026958466,0.033519670367240906,-0.07113979533314704,0.055019399523735045,-0.10417786687612533,-0.033956090733408925,-0.02001873143017292,-0.05408957824110985,0.05861980691552162,0.1575133830308914,-0.1414468079805374,0.13334548324346543,0.003132003452628851,0.12615539282560348,0.06394598931074143,0.039803349133580926,-0.05862568616867066,-0.06437499970197677,0.09989601522684097,-0.2090616673231125,0.28955496549606324,0.16817275881767274,0.06742060631513595,0.06723257079720497,0.12528760135173797,0.12498219460248947,-0.04538178816437721,0.05628830939531326,-0.21178869903087616,-0.026699421182274818,0.06164850667119026,-0.027384771406650542,0.11548424810171128,0.0002839740365743637'),('2017317210134','-0.05228980109095573,0.006166444718837738,0.06845764592289924,-0.07061201930046082,-0.11693431884050369,-0.07441351413726807,-0.05889407694339752,-0.1372164100408554,0.12011517286300659,-0.129985573887825,0.2559197396039963,-0.07964068204164505,-0.18795999586582185,-0.0549736738204956,-0.11116143763065338,0.21356855034828187,-0.15530292689800262,-0.13443905711174012,-0.07898302376270294,0.02347570490092039,0.10883772820234298,0.007152532692998648,0.022105158399790527,0.022234487161040307,-0.057201999425888064,-0.34042264223098756,-0.1437093049287796,-0.009151755459606647,0.0010554278269410133,-0.04912621453404427,-0.05211195945739746,0.05889591798186302,-0.1962650179862976,-0.04566263183951378,0.07736656814813614,0.09619069695472718,-0.012625097157433629,-0.1237413689494133,0.1401442587375641,-0.0057970499619841576,-0.22877204418182373,0.06161045357584953,0.0678069993853569,0.18929694592952728,0.20163293778896332,0.0178511967882514,0.04065767787396908,-0.18952780067920685,0.13004309087991714,-0.15072633624076842,0.03607232235372067,0.12953834235668182,0.07440376207232476,0.09923427850008011,-0.0018101580440998077,-0.08554560989141465,0.0560477688908577,0.16248577535152436,-0.10627892166376114,0.009500740747898816,0.1472308963537216,-0.1180733785033226,-0.03935178443789482,-0.12408553510904312,0.16726849973201752,0.04741942249238491,-0.13278386890888214,-0.2155546873807907,0.1236311823129654,-0.13377566039562225,-0.06606282368302345,0.02775022741407156,-0.17596790790557862,-0.16154135763645172,-0.2670328080654144,0.010353104583919049,0.370696485042572,0.10013076663017273,-0.18387100994586944,0.06797269806265831,-0.05047070384025574,0.07108834013342857,0.08957067281007766,0.14579967260360718,0.03719286806881428,0.04024499207735062,-0.1058492749929428,0.008600269630551338,0.2169594496488571,-0.09735577255487442,0.011499783955514431,0.25609715580940245,-0.03631532154977322,0.06618709862232208,0.04018104299902916,0.03916200245730579,-0.055244124680757525,0.05611647292971611,-0.0974881649017334,0.029828392062336208,0.012154583632946015,-0.04028070718050003,0.004055379703640938,0.053719478845596316,-0.0885870099067688,0.11234776079654693,-0.06517880037426949,0.09634381532669067,0.03774578515440226,-0.06265452727675438,-0.07279134690761566,-0.07411991059780121,0.0918770506978035,-0.22564222812652587,0.1958959460258484,0.15399773716926574,0.07993989586830139,0.11014100164175034,0.11403696238994598,0.15425231158733368,-0.010638786293566228,-0.033642587065696714,-0.19081761837005615,-0.0026641418691724537,0.07224742025136947,0.013262900151312351,0.05018008127808571,-0.0011021414771676063'),('2017317210135','-0.030851200222969055,-0.0022585807368159295,0.02595737474039197,-0.0030458503868430855,-0.08185412883758544,-0.056793820858001706,-0.03354936093091965,-0.10706681460142135,0.13480206578969955,-0.0622215636074543,0.13803623616695404,-0.08121086433529853,-0.17211779356002807,-0.10502452403306961,-0.05969187021255493,0.19858073592185974,-0.1776580035686493,-0.1454238623380661,-0.03311357703059912,-0.013078439049422741,0.0596979059278965,0.02190897800028324,0.012833935674279928,0.014148144982755184,-0.09393673688173294,-0.357267951965332,-0.10815941989421844,-0.09281548410654068,0.04635146707296371,-0.00940502944868058,-0.0722360834479332,0.0778432011604309,-0.14266359508037568,-0.07385296225547791,0.11095071136951447,0.10912290811538697,-0.020310510694980622,-0.10782027989625931,0.16003296971321107,-0.004657831788063049,-0.21728373169898987,0.019017718359827997,0.08940732926130295,0.20759501457214355,0.17776225805282592,0.018607642548158766,0.0665438413619995,-0.149173104763031,0.1617405891418457,-0.11032143533229828,-0.005126137100160122,0.14099238812923431,0.10969000607728958,0.10434170067310333,0.029784297943115233,-0.10690544247627258,0.04400801137089729,0.11505817174911499,-0.1242781177163124,-0.005148296477273107,0.09321015328168869,-0.03964333906769753,-0.004813024867326021,-0.08989221453666688,0.1885702282190323,0.004712689504958689,-0.1044590175151825,-0.2018956273794174,0.1270129695534706,-0.16593648195266725,-0.08335623294115066,0.02277917433530092,-0.158418145775795,-0.13789060711860657,-0.2949252545833588,-0.03501399494707584,0.36210533380508425,0.09890216588973999,-0.1648821175098419,0.07365549430251121,-0.049537491798400876,0.025256503000855447,0.09927801936864852,0.1608379751443863,-0.0032860243692994116,0.07428652048110962,-0.07914084643125534,-0.04646223932504654,0.2145904690027237,-0.08025090843439102,-0.011255848174914717,0.13463739603757857,-0.014253531396389008,0.09922314882278442,0.0230768958106637,-0.00893060234375298,-0.08232124298810958,0.056669342517852786,-0.10077442675828933,-0.02277865670621395,0.017745054326951504,-0.02229759320616722,0.0485533207654953,0.09607856720685959,-0.1140558660030365,0.13064296841621398,-0.01708685765042901,0.06746099814772606,0.023640006594359875,0.0067757065407931805,-0.07987027168273926,-0.04987945184111595,0.11590165942907334,-0.21564697325229645,0.17798220813274385,0.15962314903736113,0.051092004776000975,0.10270161777734757,0.08746607154607773,0.11365200430154801,-0.05170569121837616,0.0007100639864802361,-0.19160257577896117,-0.01961149964481592,0.05469222217798233,-0.005558192450553179,0.04755551442503929,-0.0017516140826046467'),('2017317210136','-0.1251863569021225,0.12041810899972916,0.0009631311520934104,-0.0002267416100949049,-0.0011526818387210369,-0.06824361458420754,-0.057700620591640474,-0.1454055890440941,0.127071550488472,0.007537737023085356,0.24753646850585936,-0.05296890586614609,-0.15405986607074737,-0.21900541782379152,-0.00787196895107627,0.15476565361022948,-0.22869395911693574,-0.17998690009117127,-0.0181641036644578,-0.03331452161073685,0.08260715901851653,-0.015083003044128417,-0.010472573316656053,0.05194331705570221,-0.15193568766117097,-0.31394258737564085,-0.10985568761825562,-0.11771598905324936,0.026834330707788467,-0.014829006418585778,-0.00932606253772974,0.036397887766361235,-0.2145058125257492,-0.10733129680156708,0.11217954456806183,0.1231366440653801,-0.010822660522535443,-0.049736731499433515,0.2014928013086319,-0.05389849916100502,-0.14507864713668822,0.031483526900410654,0.11781729757785797,0.2717510610818863,0.16277388036251067,0.0030041418969631193,0.038669812679290774,-0.0795908324420452,0.11998516768217087,-0.12205901443958282,0.04552844800055027,0.20875236093997956,0.09336152374744415,0.10950884968042374,0.021145069040358067,-0.09679652154445648,0.01732199974358082,0.16066183149814606,-0.21469849050045015,0.012535363109782338,0.05670992210507393,-0.09518530070781708,-0.09884929805994033,-0.039452189952135085,0.12380111664533615,0.12090466618537903,-0.09103509932756423,-0.2558856338262558,0.12509509921073914,-0.14574261903762817,-0.0797220602631569,0.08930174857378007,-0.14479932487010955,-0.1821231573820114,-0.31028502583503725,0.023410584405064584,0.40212178230285645,0.06184124127030373,-0.1915918380022049,0.08311998844146729,0.004628547001630068,-0.0443290613591671,0.1214469313621521,0.12434263974428177,0.022923778742551804,0.042772401869297025,-0.1011736586689949,0.038908733427524565,0.18071361780166625,-0.005741735175251961,-0.027667924389243127,0.14185538589954377,0.0006817393004894257,0.018600550666451453,0.05839488059282303,0.049230034649372104,-0.00032437741756439207,0.03729858845472336,-0.12910151928663255,-0.005022448860108853,0.022544112242758273,0.010545545723289251,-0.01313271545805037,0.0474677823483944,-0.08698380589485169,0.0893785074353218,0.07404686957597732,0.02436932995915413,-0.07005550414323806,-0.04036430716514587,-0.04723435118794441,-0.032959209010005,0.09339074641466141,-0.2739945948123932,0.22902038991451262,0.13659290671348573,-0.009117110818624496,0.13206814527511596,0.03336775079369545,0.07521678879857063,0.0038661926984786986,-0.062146786600351334,-0.15878747999668122,-0.06934058666229248,0.015399479679763317,0.03874434493482113,0.0732724867761135,-0.027407549694180487'),('2017317210137','-0.04766554087400436,0.07453968748450279,0.04499456621706486,0.005169441131874919,-0.06994351521134376,-0.08275363594293594,-0.05245561078190804,-0.1815696030855179,0.06886015608906745,-0.02553890384733677,0.18017433285713197,-0.08003043308854103,-0.1810634672641754,-0.12077691406011581,-0.03641744554042816,0.18827067017555238,-0.14428690671920777,-0.14619705080986023,-0.07494470179080963,-0.007821938768029214,0.04197742640972137,0.001290715648792684,0.03128040730953217,-0.025878424011170863,-0.0072766605764627455,-0.32322530150413514,-0.07264851778745651,-0.0612513355910778,0.059061221033334735,-0.02350230822339654,-0.02983087282627821,0.08789094164967537,-0.1754791855812073,-0.10143303871154785,0.09567001760005951,0.13250715434551238,-0.03659180589020252,-0.05222562775015831,0.15606414675712585,-0.04696214161813259,-0.20147044360637664,0.007293323148041963,0.08915659040212631,0.2248838245868683,0.23135775029659272,0.047650239616632464,0.048823144286870956,-0.14652117788791658,0.10890576839447022,-0.09692718088626862,-0.0007417481392621994,0.11368881314992904,0.1345109224319458,0.07207372337579727,0.009765280969440937,-0.0890805885195732,0.05291404724121094,0.1081305593252182,-0.11891068965196609,-0.018305189022794367,0.16096738874912261,-0.10042650252580643,-0.04283050075173378,-0.06946614235639573,0.21907271444797516,-0.01916154511272907,-0.09842594414949417,-0.1390156477689743,0.11453820168972015,-0.10681560039520263,-0.10272926539182663,0.003846877161413431,-0.14852412045001984,-0.10994092971086503,-0.3032009840011597,-0.008953224495053291,0.4106432914733887,0.042211848124861714,-0.17264139354228974,0.06756983548402787,-0.01413204511627555,0.027652761712670327,0.10898824334144593,0.12083022445440292,-0.042661537602543834,0.023753031343221664,-0.09771446883678436,-0.030175889283418654,0.19687334895133973,-0.0845598816871643,-0.004722081311047077,0.1079517960548401,-0.045313377305865286,0.06526507884263992,0.018970379792153835,0.0072617590427398685,-0.029294363409280776,0.07295073121786118,-0.13297394812107086,-0.06365400031208993,0.04789552688598633,-0.053619745373725894,0.05783667787909508,0.10252018868923188,-0.10893230587244034,0.09182091206312179,0.00023312149569392203,0.10727275311946868,0.07629160881042481,-0.016712864954024555,-0.05477883815765381,-0.08049073368310929,0.11698044687509537,-0.18336523771286012,0.18292254507541655,0.17151355743408203,0.018164017144590615,0.061271341145038606,0.1129705086350441,0.14455029964447022,-0.015000470355153084,0.02271924875676632,-0.1994529753923416,-0.03184165842831135,0.08005689978599548,0.04324610829353333,0.072091593593359,0.02450113035738468'),('2017317210138','-0.10790412724018097,0.09903814941644669,0.08280332535505294,-0.08780007287859917,-0.1113834798336029,-0.051959889382123946,-0.08048473000526428,-0.14346591234207154,0.18155966103076934,-0.12771619707345963,0.22458560466766359,-0.071917125582695,-0.23755401968955994,-0.08843714743852615,-0.0024714693427085876,0.20629520416259767,-0.2158864974975586,-0.13371213376522065,-0.0012569807469844819,0.0384708184748888,0.06871505677700043,-0.045681684464216235,0.10844120681285858,0.01835741112008691,-0.12897753864526748,-0.45920597910881045,-0.12372980266809464,-0.11682675778865814,0.020466579124331474,-0.022436738759279252,-0.05110117644071579,0.027032884769141674,-0.20499412417411805,-0.08796731680631638,0.019275274500250815,0.11337825953960419,-0.025596958957612513,-0.12129198014736176,0.12307678759098054,-0.023754342645406722,-0.23999099135398866,-0.023719750344753265,0.06300151646137238,0.157465335726738,0.1858951210975647,0.07383578047156333,0.06116927862167358,-0.11286837011575698,0.11563329696655274,-0.19214780628681183,-0.021781546622514726,0.05226085484027863,0.027024386823177336,0.055886820703744886,0.034625797718763354,-0.10535053461790085,0.1106762632727623,0.09205253422260284,-0.2118094742298126,-0.018921306170523167,0.12149370312690735,-0.08567645102739334,-0.047141090407967566,-0.021894258074462415,0.27951954305171967,0.11840646415948868,-0.10029663890600204,-0.14898773431777954,0.1306035190820694,-0.13132713586091996,-0.03530014157295227,0.053245706111192705,-0.1445038437843323,-0.14320987462997437,-0.2593270480632782,-0.04986537471413612,0.3928676664829254,0.09640183970332146,-0.14620978981256486,0.005687959119677543,-0.06890494301915169,0.0425426073372364,0.10392274260520935,0.12750960886478424,0.02100665494799614,-0.004553627595305443,-0.12772851288318635,-0.030508965998888016,0.2136577308177948,-0.08761339783668518,0.006150523363612592,0.21613698303699494,-0.010474027879536153,0.11787344217300415,0.01984013430774212,0.03290356379002333,-0.1333604037761688,0.03919318225234747,-0.12886790931224823,-0.03649525940418243,0.04515873193740845,0.014470327831804752,-0.02808147333562374,0.08470923304557801,-0.13732803165912627,0.09253469407558441,-0.02118263472802937,0.012347480468451976,0.05621334910392761,-0.024129077885299922,-0.0549572542309761,-0.09737983494997024,0.07862247377634049,-0.22797442078590394,0.18578559160232544,0.21968348622322081,0.01953503768891096,0.11956356763839722,0.07471461892127991,0.06280854940414429,-0.02268740925937891,-0.0036177422851324083,-0.20281175673007965,-0.05029044970870018,0.07286738529801369,-0.04255002811551094,0.05107441246509552,-0.04076410457491875'),('2017317210139','-0.12474763989448548,0.04888041689991951,0.14103263914585112,-0.09693985730409622,-0.12194759100675583,-0.0935864120721817,-0.04357157573103905,-0.11148531585931779,0.17234805822372437,-0.16002971529960633,0.15211749374866484,-0.06687382012605667,-0.20951018929481507,0.01327587254345417,-0.012180087342858314,0.15002703964710234,-0.08939313739538193,-0.08886273056268693,-0.10009468197822571,0.02427159231156111,0.053833235055208206,0.05832593217492103,0.017767351213842632,-0.013278275448828935,-0.0930753543972969,-0.35080394744873045,-0.07795319259166718,-0.04993045777082443,-0.06279199793934823,-0.005039450526237488,-0.05402022749185562,0.05101250149309635,-0.16125878393650056,-0.07285784780979157,-0.017434587329626085,0.08223437070846558,-0.08156329840421676,-0.11342263668775558,0.13390568047761917,-0.01610163189470768,-0.32331873178482057,-0.0020562837831676005,0.019338653422892094,0.15324268043041228,0.1876043975353241,-0.008956132410094141,0.012357757985591888,-0.16599550247192382,0.17759539783000947,-0.2071414113044739,-0.03211600929498672,0.09860582649707794,0.04005164913833141,0.049111472070217134,0.0553991936147213,-0.0708743192255497,0.08721550703048705,0.15290025770664215,-0.19517392814159393,-0.05411616414785385,0.10020125657320023,-0.08341649174690247,-0.040835446864366534,-0.08220868557691574,0.17841270565986633,0.14691122174263,-0.10416299551725387,-0.10718856900930404,0.1156831607222557,-0.12228290140628814,-0.06580199599266053,0.06146988719701767,-0.13158425241708754,-0.1730784147977829,-0.23610887825489044,-0.038119721412658694,0.3666999518871307,0.05594838038086891,-0.16930430829524995,-0.012819918431341648,-0.06887851282954216,0.018080129846930505,0.13118233233690263,0.12524747103452682,-0.021147381886839865,-0.014205352775752545,-0.03953731209039688,-0.012069515325129032,0.23273269534111024,-0.07543662041425706,0.01114613690879196,0.19035746157169342,0.0347413569688797,0.045638355612754825,0.004060170706361532,0.05425834301859141,-0.11488915979862213,0.03897731825709343,-0.12541567981243135,-0.0008893881924450398,0.09967633932828904,-0.03844556584954262,-0.021387388184666633,0.1125424325466156,-0.18717426359653472,0.19465824961662292,0.009547745622694493,0.032766555342823266,0.10060671269893647,-0.07919826358556747,0.007665388751775026,-0.03783000037074089,0.0912973240017891,-0.13940103799104692,0.16245320737361907,0.12619097381830216,-0.028102948889136316,0.1256608784198761,0.05036341324448586,0.04899147301912308,-0.05322906598448753,0.008153664693236352,-0.2322460651397705,-0.046861300617456435,0.13851497769355775,0.009664882160723209,0.06154886707663536,-0.020868617482483386'),('2017317210140','-0.07127162292599679,0.02523238118737936,0.04646307304501533,-0.042326071113348004,-0.06556861251592636,-0.04668747670948505,-0.07017864286899567,-0.1472739189863205,0.08793296962976456,-0.13821962475776672,0.2271419048309326,-0.06064169853925705,-0.18598486185073854,-0.10653359591960906,-0.04137453213334084,0.15821648240089417,-0.177060467004776,-0.1398308217525482,-0.08273948580026627,-0.005040112696588039,0.08732353001832963,-0.037741699069738385,0.0012173302937299013,0.020168619230389595,-0.08849163055419922,-0.31441168785095214,-0.0750076025724411,-0.079493547976017,-0.02498500272631645,-0.030013795010745525,-0.04513804372400045,0.007800920968293212,-0.21143435537815095,-0.06002814918756485,0.00944267474114895,0.08667595982551575,-0.02642878666520119,-0.05079970806837082,0.16776225864887237,0.002448177710175514,-0.21390385329723358,0.022739700227975845,0.041899985447525975,0.20575374364852905,0.21740736067295074,0.06773268356919289,-0.00674717053771019,-0.13760944902896882,0.16848599016666413,-0.1994354546070099,0.04030176363885403,0.14254216551780702,0.06242675185203552,0.06682561412453651,0.044372282549738885,-0.09642830044031143,0.06073348075151443,0.11338884383440018,-0.11062231063842773,0.037572453171014784,0.08941932022571564,-0.0843280777335167,-0.00749372523277998,-0.09148054718971252,0.22507984638214112,0.059199421852827075,-0.09691678881645202,-0.17094951272010803,0.1144770935177803,-0.12096705287694931,-0.11269699037075043,0.05985771268606186,-0.1602657824754715,-0.16817632019519807,-0.3229061245918274,0.0012265363708138465,0.42310388684272765,0.114749214053154,-0.19759583473205566,0.025003601238131522,-0.07464336976408958,0.005785267055034638,0.20951904952526093,0.11888723820447922,0.05514324530959129,-0.007941467128694058,-0.10348442941904068,-0.030158417671918868,0.2359493315219879,-0.06655262708663941,-0.05937317609786987,0.1999073326587677,-0.03926835060119629,0.06721524968743324,0.022677771653980015,-0.0002011278411373496,-0.07041729092597962,0.06192114874720574,-0.1467594772577286,-0.038480570912361144,0.043292149901390076,0.0023751579225063323,0.010464441403746605,0.08974664658308029,-0.08964440524578095,0.07001136764883995,-0.018409904651343824,0.08436720818281174,0.04805275239050388,-0.01548514561727643,-0.14016412198543549,-0.0799657478928566,0.09846048206090927,-0.21493303179740905,0.2096811830997467,0.1615823894739151,0.05720030218362808,0.06439312994480133,0.13422836512327194,0.09269054979085922,-0.024022052809596062,0.00890164915472269,-0.2237054407596588,-0.020793526247143746,0.08225833475589753,0.04633818343281746,0.0894750863313675,-0.006669808551669121'),('2017317210141','-0.02293786182999611,0.0697628378868103,0.017014772351831197,0.005239253211766481,-0.03984353691339493,-0.07714136242866516,-0.07856714576482773,-0.14098768830299377,0.06479318961501121,-0.036760151758790015,0.22701385617256165,-0.09115777909755707,-0.17767015099525452,-0.10431690663099288,-0.058591927587985995,0.1577730357646942,-0.22101067006587982,-0.09143638163805008,-0.06963256075978279,0.0059978578239679335,0.0878063753247261,0.022524925880134106,0.03466129247099161,0.012819642620161175,-0.0974328875541687,-0.31081438064575195,-0.058381478488445285,-0.07755190059542656,0.038533321022987364,-0.03354984298348427,-0.06855029910802841,0.02742136986926198,-0.22241778075695037,-0.09355779886245727,0.09186163544654846,0.04017048478126526,0.017617812962271273,-0.07162618264555931,0.19645121693611145,0.035766102559864524,-0.17320244908332824,0.08042731285095214,0.06775660440325737,0.2540778160095215,0.17358592450618743,0.08549167737364768,-0.01458207294344902,-0.1649734377861023,0.13472497165203096,-0.15863530337810516,0.04155355542898178,0.15403702855110168,0.05581340380012989,0.06492086052894593,-0.0037269293330609798,-0.08835353404283523,0.07331696152687073,0.08928799033164977,-0.18436506688594817,0.014196565141901374,0.14530037641525267,-0.050820779800415036,-0.024046606197953225,-0.09940605908632279,0.20359834134578705,0.02657588981091976,-0.10015001147985458,-0.15639671087265014,0.05053236857056618,-0.11825708746910095,-0.10774731636047363,0.011907682754099369,-0.09731214344501496,-0.14617368280887605,-0.317416250705719,-0.008088117092847824,0.37344895005226136,0.116702800989151,-0.24664267599582673,0.046075419336557386,-0.06465093642473221,-0.02315530925989151,0.19674629271030425,0.09639221876859665,0.013472865149378777,0.025598497316241264,-0.09041123986244201,-0.027203726954758166,0.22264670729637145,-0.04357069656252861,-0.03380390331149101,0.2112199455499649,-0.013529166579246521,0.023858233541250228,0.044099316000938416,0.005689523927867412,-0.10229948461055756,0.03299148716032505,-0.14500043392181397,-0.03850032761693001,0.050679055601358415,-0.013051505014300347,0.009496852196753025,0.10422242432832718,-0.16523694097995759,0.10974996984004974,0.0043796114157885315,0.002813514042645693,0.06364596411585807,-0.04043041653931141,-0.10580331385135651,-0.05905510932207107,0.08991971611976624,-0.24656267762184142,0.21970882415771484,0.14391821920871734,0.09798879027366639,0.09489896446466446,0.10080537647008896,0.08232294619083405,-0.045414667949080466,0.027833927236497403,-0.1935554563999176,-0.09146618247032165,0.08738431185483933,0.02802487425506115,0.12124442160129548,-0.018149007577449083'),('2017317210142','-0.06111801043152809,0.09053770378232003,0.043048718571662904,-0.06367867216467857,-0.06014806777238846,-0.0456068355590105,-0.08218927830457687,-0.17036248743534088,0.13350624442100525,-0.15058619081974028,0.24038560092449188,-0.08272501528263092,-0.17773864269256592,-0.09378496259450912,-0.06522936746478081,0.23375696837902069,-0.22380572259426118,-0.14150766730308534,-0.09617812186479568,0.0012468446046113967,0.03010595217347145,-0.03845799341797829,0.012983493506908417,0.004409310407936573,-0.03272818997502327,-0.35206359028816225,-0.10838517546653748,-0.07877845913171769,0.01376786343753338,-0.01938642477616668,-0.014829679764807225,0.024905770272016525,-0.1596260204911232,-0.021338818967342375,0.010102302581071854,0.03491357117891312,-0.028571824356913567,-0.1172148659825325,0.1880041778087616,-0.04217901825904846,-0.2063770115375519,0.009629322960972787,0.053857005387544635,0.16255953907966614,0.20765919089317322,0.03160173445940018,0.047982892394065856,-0.148243311047554,0.1626488208770752,-0.1520813912153244,-0.028491703793406487,0.10060793161392212,0.061747300624847415,0.08559071123600007,0.013338274694979191,-0.13957611322402955,0.0404660627245903,0.12798117101192474,-0.11618793457746505,-0.052710648626089096,0.07024980336427689,-0.07889149785041809,-0.041319772601127625,-0.07836267277598381,0.2440257489681244,0.10396012812852859,-0.10759110003709793,-0.1694412887096405,0.16576223075389862,-0.11922456473112106,-0.03872590065002442,0.004803604260087013,-0.1403046503663063,-0.1470091849565506,-0.25811401307582854,-0.024941741675138473,0.3467224895954132,0.07855178043246269,-0.15955372154712677,0.024295721761882307,-0.043969400227069855,0.017553768679499628,0.10508021712303162,0.12321872562170029,-0.034090057387948035,-0.002485770359635353,-0.08457449525594711,-0.057835216820240024,0.22187299132347107,-0.08161411285400391,0.005851376266218722,0.1931691884994507,-0.040666927397251126,0.047842711210250854,0.010209317039698362,-0.01427864134311676,-0.06445999890565872,0.058660438656806944,-0.10771700888872146,0.012396438326686621,0.01633685827255249,-0.020000889152288436,-0.008573404327034951,0.06143973767757416,-0.09602839648723602,0.0931332141160965,-0.025730161741375924,0.08078030794858933,0.017035184893757105,-0.019360893219709397,-0.05945513099431991,-0.06824295297265053,0.13042376339435577,-0.17011653482913972,0.17433432638645172,0.15227794647216797,0.03738042339682579,0.13169369995594024,0.12041590213775635,0.1442886233329773,-0.052933985739946364,-0.007792794518172741,-0.22138069868087767,-0.019989745505154134,0.08908994197845459,0.021759222075343133,0.05339116156101227,0.0015582533553242684'),('2017317210143','-0.09527827054262161,0.1443809226155281,0.055544845014810565,-0.012677846383303404,-0.08547721952199935,-0.03159330207854509,-0.07240903750061989,-0.13453158885240554,0.15820727050304412,-0.05260467939078808,0.23798063397407532,0.00913147758692503,-0.16099592447280883,-0.14746666550636292,-0.021328900754451752,0.1829741805791855,-0.22228839099407197,-0.1800750583410263,-0.009775375947356224,-0.02500837966799736,0.13249631971120834,0.03780881687998772,0.08310789912939072,-0.025895675271749498,-0.10474333167076111,-0.3629702031612396,-0.08065139651298522,-0.08370815068483353,0.06809028536081314,-0.043236423283815384,-0.01851271465420723,0.040683813765645026,-0.20444489717483522,-0.08287009298801422,0.06970757320523262,0.09568855240941047,-0.0503469817340374,-0.06211249828338623,0.23200587034225464,-0.0024334294721484184,-0.20386052131652832,0.05757523402571678,0.07866704612970352,0.25152112245559693,0.228196382522583,0.01547092329710722,0.06433233618736267,-0.15109320878982543,0.11379079073667527,-0.08556421250104904,0.026623210310935973,0.195390185713768,0.10090902000665665,0.07997510433197022,0.04565999992191792,-0.11734133660793304,0.04134223908185959,0.07082950547337533,-0.10612481385469437,0.008467111643403769,0.12910735607147217,-0.0912581279873848,-0.004366663657128811,-0.05495670773088932,0.17942624688148498,-0.02681516408920288,-0.07031440883874893,-0.22597302198410035,0.07854876816272735,-0.09558104872703552,-0.12516814917325975,0.09272927790880203,-0.2018633633852005,-0.13970643579959868,-0.32747271060943606,-0.019101743400096894,0.3938489854335785,0.030527071841061116,-0.1731669783592224,0.07797559797763824,0.002838319353759289,-0.018770482018589975,0.11218169182538987,0.18823689818382264,-0.015439177304506302,0.024952512234449387,-0.12667195200920106,0.008279882371425629,0.20589802861213685,-0.061721085011959075,-0.0638132557272911,0.17143776416778564,0.005933157168328762,0.08861696124076843,0.04213271364569664,0.04092701654881239,-0.04694298580288887,0.06696912422776222,-0.12669653296470643,-0.034872449934482574,-0.0010218974202871323,-0.03738660514354706,-0.015968331322073936,0.10379600375890732,-0.1083166927099228,0.06623262390494347,-0.01249319827184081,0.0773282915353775,-0.04238816201686859,-0.02327890247106552,-0.09537674337625504,-0.05603901259601116,0.08703861981630326,-0.21656899452209472,0.2154064357280731,0.20593492090702056,0.017787977308034896,0.09418524205684661,0.1255642965435982,0.10736496597528458,-0.031062502041459085,0.031764824874699116,-0.18407488167285918,-0.020211407262831927,0.020147912204265594,0.034473706781864163,0.08689575344324112,0.01950368154793978'),('2017317210144','-0.04680000022053719,0.09114493131637573,0.04572497606277466,-0.07036699429154396,-0.13629065901041032,-0.03746529631316662,-0.06697088927030563,-0.09457224309444427,0.14281826317310334,-0.13249941915273666,0.23590486645698547,-0.07261951565742493,-0.18078721761703492,-0.07428309544920922,-0.04231283962726593,0.20297794044017792,-0.24348737597465514,-0.14924919605255127,-0.01563156917691231,-0.015326742455363274,0.0455392561852932,0.0748839557170868,-0.014867968717589974,0.004999486636370421,-0.1695157527923584,-0.32860506772994996,-0.06664892882108689,-0.05540175512433052,-0.028353410586714745,-0.05757470801472664,-0.03581110555678606,0.08376767039299012,-0.1526506394147873,-0.04180493056774139,0.1081619530916214,0.10584751814603806,-0.021477952413260937,-0.08718320280313492,0.1423605978488922,0.0011007596738636493,-0.27078818082809447,0.026110790856182575,0.15175916254520416,0.23510437905788423,0.18090197443962097,0.005501360679045319,-0.015297436900436879,-0.11635149866342545,0.14347907900810242,-0.12856434881687165,0.01354222632944584,0.11784186810255051,0.08205916061997413,0.056677243858575824,0.051856698095798494,-0.09688547551631928,0.009518722817301751,0.15274576842784882,-0.14561845511198043,-0.056051681935787204,0.11395368427038192,-0.0860869437456131,-0.033515458554029466,-0.11159012019634247,0.1338298127055168,0.06557095311582088,-0.07681697234511375,-0.2373398631811142,0.11914862245321274,-0.17546981573104858,-0.1683940500020981,0.0896220088005066,-0.12146200835704804,-0.1428203895688057,-0.3008457005023956,-0.06397251859307289,0.306304395198822,0.11359768956899643,-0.15136465728282927,0.028515183925628663,0.09878473728895187,-0.015218268521130085,0.11722584962844848,0.18322338461875914,0.02171613313257694,0.04319240525364876,-0.06744126081466675,-0.006168359518051147,0.23037441372871398,-0.03560311831533909,-0.03230257257819176,0.1514121949672699,-0.011968020722270012,0.0206000542268157,0.033913742005825046,-0.013677019160240889,-0.08287974447011948,0.04564423225820065,-0.15539720952510833,-0.040732386708259585,0.00900921393185854,-0.0012761905789375305,-0.04451841302216053,0.1466917425394058,-0.13521654158830643,0.12353977262973785,-0.027131801843643187,-0.00042736167088150976,-0.015260309632867574,-0.008027531392872333,-0.0040985669009387495,-0.025885963439941408,0.09958085566759109,-0.20503847897052765,0.1521327644586563,0.14851233959197999,0.03655784502625466,0.0998699739575386,0.0696322686970234,0.04457592964172363,-0.029696108400821687,-0.019477877765893936,-0.23085623979568481,-0.09224363565444946,0.04143721200525761,-0.0666413389146328,0.11973654627799987,-0.04153220169246197'),('2017317210145','-0.07329883575439453,0.0727212555706501,0.021244005858898164,-0.07215944305062294,-0.07670530825853347,-0.09893199801445007,-0.06611907184123993,-0.08044831901788711,0.10355439484119415,-0.12439952790737152,0.21427017748355864,-0.060251441597938535,-0.18716941475868226,-0.11536492109298706,-0.05405553802847862,0.159136101603508,-0.1963990330696106,-0.12200822830200195,-0.09049276560544968,0.015086268074810505,0.10578922182321548,-0.03875645287334919,0.03902729488909244,-0.0435733649879694,-0.07761787325143814,-0.3737092912197113,-0.11397078335285186,-0.04666276723146438,0.008197764493525028,-0.026676527224481106,-0.00301543939858675,-0.011888290382921695,-0.22873096466064452,-0.09292592257261276,0.02512360140681267,0.054077687114477156,-0.050645815581083296,-0.05028148666024208,0.14672640562057496,-0.00018224548548460007,-0.19503215849399566,-0.0031761649996042253,0.07441467642784119,0.19547370672225953,0.21679363250732422,0.129246886074543,0.03110003024339676,-0.1331831097602844,0.12439271211624145,-0.1819557726383209,0.045848112925887106,0.1084572821855545,0.06936460584402085,0.0957957610487938,0.0601536437869072,-0.07282867059111595,0.09697400629520417,0.10768193304538727,-0.12288625836372376,-0.01508427020162344,0.09177488535642624,-0.05382774472236633,-0.021910229697823524,-0.043126878701150416,0.2586101233959198,0.04070895127952099,-0.09045345634222031,-0.15848252177238464,0.16430885791778566,-0.13637451380491256,-0.08997162133455276,0.008001689799129963,-0.09567326456308364,-0.1378817856311798,-0.2971435010433197,-0.010505373775959014,0.37863202691078185,0.12328332364559173,-0.14353730380535126,0.045587028563022616,-0.06806466430425644,-0.00886520156636834,0.13916892409324647,0.09030403047800065,-0.037971289828419685,0.025731399655342102,-0.11594155728816986,-0.020474905148148537,0.24377600848674774,-0.0868738278746605,-0.044264667481184,0.1741698771715164,-0.012309760972857475,0.07786926478147507,0.04144763275980949,-0.03107667751610279,-0.09766401946544648,0.06017746552824974,-0.14419440031051636,-0.026956758834421633,0.07996348664164543,-0.03631700836122036,-0.032896474748849866,0.09533441662788392,-0.08357367664575577,0.09699041694402695,-0.024747103825211524,0.04293266609311104,-0.0037913610227406024,-0.016079379059374333,-0.11328556537628173,-0.07783470153808594,0.053617247939109804,-0.1751688003540039,0.2374532550573349,0.17509040236473083,0.055303964763879776,0.10218378156423569,0.16154906153678894,0.07682943418622017,0.005216979421675205,0.002537064254283905,-0.19882297813892363,-0.06872921660542489,0.0639752671122551,0.04159934930503369,0.11264130771160126,0.007450301758944988'),('2017317210146','-0.10204333364963532,0.05952835641801357,0.08300476670265197,-0.06794506907463074,-0.1143921047449112,-0.04727034941315651,-0.048837298154830934,-0.1612584888935089,0.08714295327663421,-0.06731832921504974,0.24356122612953185,-0.10396596640348435,-0.23401814103126525,-0.08430542349815369,-0.057176217436790466,0.21096430122852325,-0.1491823047399521,-0.1290692552924156,-0.04353259727358818,0.020808489806950093,0.01924364045262337,-0.019126699678599833,0.06924402862787246,0.07350634485483169,-0.08247448727488518,-0.2863015115261078,-0.08025968745350838,-0.083962482213974,-0.0023193340748548508,-0.06417736262083054,-0.07396032735705375,0.048116060346364974,-0.16273498237133027,0.004766304604709148,0.06171683222055435,0.06879452392458915,-0.012419702298939229,-0.09733183979988098,0.15750332474708556,-0.06391730681061744,-0.23894021511077881,-0.004331443319097161,0.0923604354262352,0.14712694138288498,0.2054676592350006,0.008979997166898101,0.007321681082248688,-0.14516495019197465,0.08646947890520096,-0.13294782638549804,-0.008444934710860252,0.12514764964580535,0.0750452771782875,0.04250213280320168,-0.006187928747385741,-0.1621181309223175,-0.0024313131347298623,0.11225289404392243,-0.05851658508181572,-0.04146273657679558,0.07472998499870301,-0.02552528530359268,-0.06194868236780167,-0.13333214670419694,0.22593714594841002,0.051171187311410904,-0.17835789918899536,-0.1811808943748474,0.09860592037439346,-0.12754541337490083,-0.06226883977651596,0.07786030024290085,-0.19533411860466005,-0.13646891862154006,-0.2519557297229767,-0.012347710877656936,0.3230372667312622,0.04799353033304214,-0.19901413321495057,0.016413230448961258,-0.08201801776885986,0.06181984096765518,0.013319810479879379,0.12374029755592346,-0.014287140406668185,-0.006018041260540485,-0.06529409810900688,-0.07515572160482406,0.17530778050422668,-0.1079308420419693,0.034807770326733586,0.19052587747573851,-0.03121713940054178,0.06846095621585846,-0.028755831625312568,0.0016135312616825104,-0.03871548995375633,0.05031934604048729,-0.07553138062357903,0.01749076833948493,-0.021257115714251994,-0.05362330600619316,0.011211622832342982,0.10903740525245667,-0.17589292228221892,0.06090514361858368,0.009023388288915158,0.061714498698711394,0.07736556082963944,0.0535827599465847,-0.08022320568561554,-0.12071218490600585,0.1060984805226326,-0.270272770524025,0.1973023980855942,0.19808051586151124,0.07073335647583008,0.052910974621772765,0.10265623182058334,0.15060182213783263,-0.012176399491727352,0.06277450919151306,-0.13723650574684143,-0.005562724079936743,0.10382539480924606,-0.07282349020242691,-0.002651873603463173,-0.010251363459974527'),('2017317210147','-0.0890284925699234,0.062035756558179854,0.044349973648786546,-0.0968894436955452,-0.10227335691452026,-0.02308119498193264,-0.05950907841324806,-0.1659811943769455,0.1689978539943695,-0.13788564801216124,0.18193697929382324,-0.07358265593647957,-0.22025338411331177,-0.11329723596572876,-0.08753340691328049,0.22725628316402435,-0.20478196442127228,-0.17302355766296387,-0.05976719632744789,0.004215859342366457,0.025592075288295747,-0.04220107682049275,0.00029548369348049165,0.01899060271680355,-0.08066349849104881,-0.37072024345397947,-0.11652209162712097,-0.09041760414838791,-0.09257594496011734,-0.05429534427821636,0.0001760534942150116,0.05079613998532295,-0.14484828114509582,-0.023828639835119247,0.018489496409893037,0.062292258441448214,-0.03218946047127247,-0.09608619883656502,0.15447816550731658,-0.019235070329159498,-0.25044424533843995,-0.0038325970061123373,0.1329078570008278,0.2275018125772476,0.2421744853258133,-0.033104360476136206,0.017110887542366983,-0.1345830649137497,0.19300285279750823,-0.1423233315348625,-0.08663502931594849,0.12723016887903213,0.05747564136981964,0.07204740345478058,0.06601435542106629,-0.08854705244302749,0.035591430962085724,0.14648323953151704,-0.11239759922027588,-0.001993437996134162,0.07760444730520248,-0.10597689151763916,-0.0832313396036625,-0.13445906788110734,0.21079952120780945,0.04941440299153328,-0.15431265532970428,-0.2012552261352539,0.13269248604774475,-0.14148157089948654,-0.09136850535869598,0.010763814393430948,-0.2011994242668152,-0.20604858100414275,-0.30638914108276366,-0.02023431323468685,0.35413838028907774,0.12451127916574478,-0.17211844325065612,0.06553423628211022,-0.009064494376070797,0.017116043623536824,0.08038649559020997,0.21312856674194336,0.023116784915328027,0.06330268755555153,-0.057273860275745395,-0.03789847567677498,0.1984683096408844,-0.07459044083952904,0.00827609607949853,0.19381638169288634,-0.061462707817554474,0.06818094700574875,-0.016729480028152464,-0.02530900724232197,-0.09527097940444947,0.06799294874072075,-0.19287206530570983,-0.007714568637311459,-0.008769244235008956,-0.031002998165786267,0.023087529465556145,0.046991533041000365,-0.08298356086015701,0.0966903731226921,0.01358940452337265,0.0757187321782112,-0.027760088443756104,-0.02628770414739847,-0.08279172480106353,-0.033279871195554735,0.14172401428222656,-0.1983528196811676,0.18595638871192932,0.17783927023410798,0.0845660388469696,0.09539220780134201,0.1485802173614502,0.0845426619052887,-0.03307902589440346,0.02784027699381113,-0.17683998346328736,0.0032655512914061546,0.06855514422059059,-0.023871941864490508,0.0729726344347,-0.03324250988662243'),('2017317210148','-0.11110226437449455,0.08891985192894936,0.04582868656143546,-0.11088837124407291,-0.14590922743082047,-0.07142349425703287,-0.01433545257896185,-0.056935868225991726,0.14081526175141335,-0.11714651994407177,0.16023417189717293,-0.08624335005879402,-0.18427085876464844,-0.0314171418431215,-0.05689258314669132,0.19218042492866516,-0.19442209228873253,-0.17558810859918594,-0.047325484454631805,-0.009133991319686174,0.06949522718787193,0.03480514092370868,-0.010883672031923197,0.04624885506927967,-0.04659240134060383,-0.35517100989818573,-0.08912752568721771,-0.051407868042588234,0.04907476715743542,0.012587018311023712,0.013439357280731201,0.04687981307506561,-0.15342039987444878,-0.07383917830884457,0.08796499855816364,0.061340456828475,-0.0017805441748350859,-0.11321310885250568,0.20171411335468292,-0.0330076995305717,-0.3073260188102722,-0.01648771285545081,0.14886749163269997,0.25566117092967033,0.18322424963116646,0.031540383119136095,-0.01594827463850379,-0.09058056958019733,0.1380628738552332,-0.18125315010547638,-0.013732222374528646,0.13646996021270752,0.04595431638881564,0.05457301437854767,0.047369154170155525,-0.08980877697467804,0.09967636503279209,0.09929528273642063,-0.17688237875699997,-0.06473113317042589,0.08416849747300148,-0.11265414208173752,-0.004978688899427652,-0.0836628582328558,0.21933961659669876,0.035576400347054005,-0.09099596180021763,-0.2025253362953663,0.1500876061618328,-0.17209718376398087,-0.09129158034920692,0.07078527472913265,-0.12644007988274097,-0.10435290820896626,-0.26595253497362137,-0.01662985561415553,0.40992823988199234,0.13429536670446396,-0.11400415003299713,0.10824611783027649,0.0021047976333647966,-0.004652328905649483,0.13087395019829273,0.1775282509624958,-0.033907784614712,0.03703279374167323,-0.08628566563129425,-0.01859638816677034,0.21747691556811333,-0.059594497084617615,-0.04581649508327246,0.1580495610833168,0.01375037175603211,0.04300364665687084,0.05703371949493885,0.03423143783584237,-0.08553244546055794,0.02969544322695583,-0.16846105828881264,-0.018513947492465377,0.0862658154219389,-0.011053025955334306,-0.001397890504449606,0.13040298968553543,-0.1581786759197712,0.08779524639248848,-0.023948493413627148,0.007696598768234253,-0.016121940105222166,0.004599547479301691,-0.032703869976103306,-0.04835829045623541,0.07952085509896278,-0.16470443829894066,0.1776658445596695,0.15049922466278076,0.016927818302065134,0.11401597782969475,0.13312344439327717,0.033817581832408905,0.006667553214356303,-0.03991390019655228,-0.16261005774140358,-0.0894898921251297,0.09422474727034569,-0.013321603182703257,0.13477946817874908,-0.007249391986988485'),('2017317210149','-0.1537726879119873,0.12508590072393416,0.03024626672267914,-0.12926168888807296,-0.09052970111370087,-0.08838596194982529,-0.06288830190896988,-0.1724607229232788,0.11835195869207382,-0.09956806004047394,0.2543501168489456,-0.09543589204549789,-0.23161277174949646,-0.11726687550544738,-0.09989117830991745,0.20762594938278198,-0.1940215826034546,-0.17410264313220977,-0.018503856472671033,0.017122282087802886,0.10369616150856018,-0.01552688623778522,0.013384188152849674,0.06841810196638107,-0.1303742676973343,-0.28331151604652405,-0.09087628871202469,-0.02220962382853031,-0.03255840688943863,-0.058196844160556795,-0.01798316612839699,0.04824668094515801,-0.23732366859912873,-0.06811111643910409,0.04834051504731178,0.15251915752887726,-0.01449648179113865,-0.0806900292634964,0.17669474184513093,-0.04077818617224693,-0.21420085728168486,-0.004382745176553726,0.12905508875846863,0.25186701118946075,0.18430710732936859,-0.006928977556526661,0.022947750240564346,-0.18060109317302703,0.12283998876810073,-0.16628346145153045,-0.0024209802970290182,0.15000222623348236,0.009341500326991081,0.0870670348405838,-0.04338935427367687,-0.11778876781463624,0.07000102028250695,0.15525146424770356,-0.1432272344827652,-0.016722348518669605,0.14515157490968705,-0.11024320274591445,-0.10835085958242416,-0.10683948546648026,0.21206453442573547,0.07910926043987274,-0.15972428917884826,-0.22119444608688354,0.1148810252547264,-0.121553672850132,-0.10968525856733322,0.053997323662042615,-0.15449458360671997,-0.13819265961647034,-0.3338362514972687,-0.001468108780682087,0.3469012677669525,0.05925000198185444,-0.14322188198566438,0.0977936178445816,-0.02610879549756646,0.03862579315900803,0.09641036689281464,0.13986250907182693,-0.010402433387935162,0.062139108777046204,-0.1031948059797287,0.058451128751039506,0.21393418312072754,-0.04961879774928093,-0.003914174647070468,0.18146030902862548,-0.009241162985563278,0.06873919814825058,0.04548108167946339,0.09655357152223587,-0.07516003698110581,0.056632577627897265,-0.14728195667266847,0.04298955351114273,0.07737332284450531,-0.04188213422894478,0.0019953330513089894,0.11521632075309754,-0.11417153924703598,0.11561755686998368,0.01132791405543685,0.06125394254922867,0.004348206985741854,-0.055132658779621126,-0.07707319110631942,-0.055004856735467914,0.08063736110925675,-0.21580693423748015,0.23939515948295592,0.15420009791851044,0.0550543300807476,0.08775151520967484,0.1725454658269882,0.09688020795583725,-0.003832897916436195,0.009425115957856178,-0.18010933995246886,-0.0362957950681448,0.08660423383116722,-0.013139680027961731,0.13474019169807433,-0.009934935811907053'),('2017317210150','-0.06136717237532139,0.049080860987305644,0.10446458756923675,0.03083478845655918,-0.064165960252285,-0.030347189120948314,-0.08330460637807846,-0.15435970425605774,0.08764584958553315,-0.08610782325267792,0.25724017322063447,-0.09692062884569168,-0.21865700483322142,-0.07368383631110191,-0.09711167216300964,0.16673052906990052,-0.12904346436262132,-0.12484652251005172,-0.005741886980831623,0.009137690626084804,0.14290398061275483,0.06064705476164818,0.03141162823885679,-7.350677624344826e-05,-0.09749017506837845,-0.31790647506713865,-0.09916432946920395,-0.09295593202114105,0.028697557002305984,-0.06460565626621247,-0.05717001929879188,0.04434176981449127,-0.1432838559150696,-0.04304023385047913,0.03473255150020123,0.0654724020510912,-0.029994804039597513,-0.0788889154791832,0.1870894819498062,-0.005981975793838501,-0.2313121885061264,0.06109720692038536,0.0288879819214344,0.22666399478912352,0.17035215795040132,0.09239768236875534,0.030640697665512563,-0.16997670233249665,0.10265593230724335,-0.1558569699525833,0.006344112381339073,0.1581519991159439,0.11637026369571686,0.07102546691894532,-0.025661395490169527,-0.1265595331788063,0.022830558568239213,0.07084534466266632,-0.12677650451660155,0.023334240168333055,0.11448316872119904,-0.09803214073181152,0.03015141300857067,-0.075532366335392,0.21923940181732177,0.01780525892972946,-0.12737403810024261,-0.12128652185201645,0.10706555545330047,-0.13889453709125518,-0.1283305510878563,0.06302951425313949,-0.16275983452796935,-0.14711874723434448,-0.29401702284812925,-0.02441899888217449,0.4341818392276764,0.0336201336234808,-0.20262350738048554,0.06164546236395836,-0.043061169981956485,0.060824931412935254,0.13488348126411437,0.1781821757555008,0.01663375124335289,-0.007227499596774578,-0.08888282030820846,-0.07149201482534409,0.2168748825788498,-0.10456463992595673,-0.04172723814845085,0.1771744668483734,-0.006869723275303841,0.11717061698436737,0.04947176203131676,0.04374039322137833,-0.03994475826621056,0.04083201512694359,-0.047241523116827014,0.01065009068697691,-0.0228526096791029,-0.008559551648795604,0.01747114034369588,0.08796750903129577,-0.11065777391195297,0.15505183041095733,-0.011251072026789188,0.07024101465940476,0.07473567202687263,-0.0005301395431160927,-0.0585972711443901,-0.05393001437187195,0.106700000166893,-0.26656293869018555,0.18541788160800934,0.15462164282798768,0.03772201798856258,0.12350682318210601,0.10441081821918488,0.15883785784244536,-0.04938803017139435,0.031464295089244844,-0.23395454585552217,-0.0655890241265297,0.08497748821973801,-0.00513169476762414,0.07087436616420746,0.0029568783938884735');
/*!40000 ALTER TABLE `student_faces` ENABLE KEYS */;
UNLOCK TABLES;

--
-- Dumping data for table `students`
--

LOCK TABLES `students` WRITE;
/*!40000 ALTER TABLE `students` DISABLE KEYS */;
INSERT INTO `students` VALUES ('2017317210101','王一','123456',0,'2021-06-12 20:05:27'),('2017317210102','王二','123456',0,NULL),('2017317210103','王三','123456',1,NULL),('2017317210104','王四','123456',1,NULL),('2017317210105','王五','123456',0,NULL),('2017317210106','王六','123456',1,NULL),('2017317210107','王七','123456',0,NULL),('2017317210108','王八','123456',0,NULL),('2017317210109','王九','123456',0,NULL),('2017317210110','王十','123456',0,NULL),('2017317210111','张一','123456',0,NULL),('2017317210112','张二','123456',0,NULL),('2017317210113','张三','123456',0,NULL),('2017317210114','张四','123456',0,NULL),('2017317210115','张五','123456',0,NULL),('2017317210116','张六','123456',0,NULL),('2017317210117','张七','123456',0,NULL),('2017317210118','张八','123456',0,NULL),('2017317210119','张九','123456',0,NULL),('2017317210120','张十','123456',0,NULL),('2017317210121','李一','123456',0,NULL),('2017317210122','李二','123456',0,NULL),('2017317210123','李三','123456',0,NULL),('2017317210124','李四','123456',0,NULL),('2017317210125','李五','123456',0,NULL),('2017317210126','李六','123456',0,NULL),('2017317210127','李七','123456',0,NULL),('2017317210128','李八','123456',0,NULL),('2017317210129','李九','123456',0,NULL),('2017317210130','李梦月','990722',0,'2021-06-13 10:27:17'),('2017317210131','刘一','123456',0,NULL),('2017317210132','刘二','123456',0,NULL),('2017317210133','刘三','123456',0,NULL),('2017317210134','刘四','123456',0,NULL),('2017317210135','刘五','123456',0,NULL),('2017317210136','刘六','123456',0,NULL),('2017317210137','刘七','123456',0,NULL),('2017317210138','刘八','123456',0,NULL),('2017317210139','刘九','123456',0,NULL),('2017317210140','刘十','123456',0,NULL),('2017317210141','任三','123456',0,NULL),('2017317210142','任三','123456',0,NULL),('2017317210143','任三','123456',0,NULL),('2017317210144','任四','123456',0,NULL),('2017317210145','任五','123456',0,NULL),('2017317210146','任六','123456',0,NULL),('2017317210147','任七','123456',0,NULL),('2017317210148','任八','123456',0,NULL),('2017317210149','任九','123456',0,NULL),('2017317210150','任十','123456',0,NULL);
/*!40000 ALTER TABLE `students` ENABLE KEYS */;
UNLOCK TABLES;

--
-- Dumping data for table `teachers`
--

LOCK TABLES `teachers` WRITE;
/*!40000 ALTER TABLE `teachers` DISABLE KEYS */;
INSERT INTO `teachers` VALUES ('00000001','管理员','123456','2021-06-13 10:02:37'),('17210001','李莉','123456','2021-06-13 10:04:20'),('17210002','李丽','123456','2021-06-13 08:41:50');
/*!40000 ALTER TABLE `teachers` ENABLE KEYS */;
UNLOCK TABLES;

--
-- Dumping routines for database 'test'
--
/*!40103 SET TIME_ZONE=@OLD_TIME_ZONE */;

/*!40101 SET SQL_MODE=@OLD_SQL_MODE */;
/*!40014 SET FOREIGN_KEY_CHECKS=@OLD_FOREIGN_KEY_CHECKS */;
/*!40014 SET UNIQUE_CHECKS=@OLD_UNIQUE_CHECKS */;
/*!40101 SET CHARACTER_SET_CLIENT=@OLD_CHARACTER_SET_CLIENT */;
/*!40101 SET CHARACTER_SET_RESULTS=@OLD_CHARACTER_SET_RESULTS */;
/*!40101 SET COLLATION_CONNECTION=@OLD_COLLATION_CONNECTION */;
/*!40111 SET SQL_NOTES=@OLD_SQL_NOTES */;

-- Dump completed on 2021-07-12 18:14:16
